ad_id,page_name,version_count,distinct_start_dates,first_start,last_start,relaunch_span_days,kind,platforms_changed,aspect_changed,destination_changed,cta_changed
1242366044736854,MySivi Spoken English App,7,2,2026-05-18,2026-05-20,2,relaunch,false,false,false,false
1289366703285101,MySivi Spoken English App,7,2,2026-05-18,2026-05-20,2,relaunch,false,false,false,false
1301191668579559,MySivi Spoken English App,7,2,2026-05-18,2026-05-20,2,relaunch,false,false,false,false
1810831836593995,MySivi Spoken English App,7,2,2026-05-18,2026-05-20,2,relaunch,false,false,false,false
2387899661694831,MySivi Spoken English App,7,2,2026-05-18,2026-05-20,2,relaunch,false,false,false,false
26659524697044325,MySivi Spoken English App,7,2,2026-05-18,2026-05-20,2,relaunch,false,false,false,false
1004651578734246,MySivi Spoken English App,6,1,2026-05-18,2026-05-18,,simultaneous_duplicate,false,false,false,false
1006339081731432,MySivi Spoken English App,6,1,2026-05-04,2026-05-04,,simultaneous_duplicate,false,false,false,false
1009126704917577,MySivi - AI English speaking App,6,2,2026-05-23,2026-05-27,4,relaunch,false,false,false,false
1019095820441633,MySivi,6,4,2026-05-16,2026-05-28,12,relaunch,false,false,false,false
1035109305515805,MySivi Spoken English App,6,1,2026-05-18,2026-05-18,,simultaneous_duplicate,false,false,false,false
1039905945883728,MySivi,6,4,2026-05-16,2026-05-28,12,relaunch,false,false,false,false
1129305642655282,MySivi Spoken English App,6,1,2026-05-15,2026-05-15,,simultaneous_duplicate,false,false,false,false
1203928548386984,MySivi Spoken English App,6,1,2026-05-15,2026-05-15,,simultaneous_duplicate,false,false,false,false
1218021356745535,MySivi Spoken English App,6,1,2026-05-04,2026-05-04,,simultaneous_duplicate,false,false,false,false
1264519888531888,MySivi Spoken English App,6,2,2026-03-29,2026-03-30,1,relaunch,false,false,false,false
1280510130862115,MySivi Spoken English App,6,1,2026-05-04,2026-05-04,,simultaneous_duplicate,false,false,false,false
1307849048060522,MySivi Spoken English App,6,1,2026-05-15,2026-05-15,,simultaneous_duplicate,false,false,false,false
1312273210331672,MySivi - AI English speaking App,6,2,2026-05-23,2026-05-27,4,relaunch,false,false,false,false
1325799632693917,MySivi Spoken English App,6,1,2026-05-18,2026-05-18,,simultaneous_duplicate,false,false,false,false
1377415020913215,MySivi Spoken English App,6,1,2026-05-15,2026-05-15,,simultaneous_duplicate,false,false,false,false
1419600269364944,MySivi Spoken English App,6,1,2026-05-18,2026-05-18,,simultaneous_duplicate,false,false,false,false
1455378906628645,MySivi Spoken English App,6,1,2026-05-18,2026-05-18,,simultaneous_duplicate,false,false,false,false
1456489775973937,MySivi Spoken English App,6,1,2026-05-04,2026-05-04,,simultaneous_duplicate,false,false,false,false
1463906051777866,MySivi Spoken English App,6,1,2026-05-18,2026-05-18,,simultaneous_duplicate,false,false,false,false
1471379488011997,MySivi Spoken English App,6,1,2026-03-28,2026-03-28,,simultaneous_duplicate,false,false,false,false
1472728870657417,MySivi Spoken English App,6,1,2026-05-04,2026-05-04,,simultaneous_duplicate,false,false,false,false
1478654923647189,MySivi Spoken English App,6,1,2026-05-15,2026-05-15,,simultaneous_duplicate,false,false,false,false
1487023816479013,MySivi Spoken English App,6,1,2026-05-18,2026-05-18,,simultaneous_duplicate,false,false,false,false
1488914539399319,MySivi Spoken English App,6,1,2026-04-21,2026-04-21,,simultaneous_duplicate,false,false,false,false
1495407728856561,MySivi Spoken English App,6,1,2026-05-04,2026-05-04,,simultaneous_duplicate,false,false,false,false
1499961814988586,MySivi Spoken English App,6,1,2026-05-18,2026-05-18,,simultaneous_duplicate,false,false,false,false
1500805688153912,MySivi Spoken English App,6,1,2026-05-04,2026-05-04,,simultaneous_duplicate,false,false,false,false
1530439098436504,MySivi Spoken English App,6,2,2026-03-29,2026-03-30,1,relaunch,false,false,false,false
1536680921225179,MySivi Spoken English App,6,2,2026-03-29,2026-03-30,1,relaunch,false,false,false,false
1555850109496354,MySivi Spoken English App,6,1,2026-05-18,2026-05-18,,simultaneous_duplicate,false,false,false,false
1594922091609640,MySivi Spoken English App,6,1,2026-05-18,2026-05-18,,simultaneous_duplicate,false,false,false,false
1617673956086851,MySivi Spoken English App,6,1,2026-05-18,2026-05-18,,simultaneous_duplicate,false,false,false,false
1634247687874165,MySivi,6,4,2026-05-16,2026-05-28,12,relaunch,false,false,false,false
1636097347513415,MySivi Spoken English App,6,1,2026-03-28,2026-03-28,,simultaneous_duplicate,false,false,false,false
1638603650681901,MySivi Spoken English App,6,1,2026-04-21,2026-04-21,,simultaneous_duplicate,false,false,false,false
1680723016283648,MySivi Spoken English App,6,1,2026-05-15,2026-05-15,,simultaneous_duplicate,false,false,false,false
1690288165491901,MySivi Spoken English App,6,2,2026-03-29,2026-03-30,1,relaunch,false,false,false,false
1706610454090939,MySivi Spoken English App,6,1,2026-04-21,2026-04-21,,simultaneous_duplicate,false,false,false,false
1721412492564117,MySivi Spoken English App,6,1,2026-05-18,2026-05-18,,simultaneous_duplicate,false,false,false,false
1824308365205197,MySivi Spoken English App,6,1,2026-05-18,2026-05-18,,simultaneous_duplicate,false,false,false,false
1903321843662651,MySivi Spoken English App,6,1,2026-05-18,2026-05-18,,simultaneous_duplicate,false,false,false,false
1995592874641198,MySivi Spoken English App,6,1,2026-05-15,2026-05-15,,simultaneous_duplicate,false,false,false,false
2003944776864759,MySivi Spoken English App,6,1,2026-05-18,2026-05-18,,simultaneous_duplicate,false,false,false,false
2042552579944139,MySivi Spoken English App,6,1,2026-05-15,2026-05-15,,simultaneous_duplicate,false,false,false,false
2197503414415259,MySivi Spoken English App,6,1,2026-05-18,2026-05-18,,simultaneous_duplicate,false,false,false,false
2206910626727153,MySivi - AI English speaking App,6,2,2026-05-23,2026-05-27,4,relaunch,false,false,false,false
2292254317849120,MySivi Spoken English App,6,1,2026-05-18,2026-05-18,,simultaneous_duplicate,false,false,false,false
2399884270494026,MySivi Spoken English App,6,1,2026-05-18,2026-05-18,,simultaneous_duplicate,false,false,false,false
2451068958721852,MySivi Spoken English App,6,1,2026-05-18,2026-05-18,,simultaneous_duplicate,false,false,false,false
2459306031182517,MySivi Spoken English App,6,1,2026-05-18,2026-05-18,,simultaneous_duplicate,false,false,false,false
2468285216977452,MySivi Spoken English App,6,1,2026-05-15,2026-05-15,,simultaneous_duplicate,false,false,false,false
27170496985887290,MySivi Spoken English App,6,1,2026-05-15,2026-05-15,,simultaneous_duplicate,false,false,false,false
2765895983774795,MySivi Spoken English App,6,1,2026-03-28,2026-03-28,,simultaneous_duplicate,false,false,false,false
3008300169365904,MySivi Spoken English App,6,2,2026-03-29,2026-03-30,1,relaunch,false,false,false,false
4360532544221904,MySivi Spoken English App,6,1,2026-05-04,2026-05-04,,simultaneous_duplicate,false,false,false,false
746424205071026,MySivi Spoken English App,6,2,2026-03-29,2026-03-30,1,relaunch,false,false,false,false
821110864071081,MySivi Spoken English App,6,1,2026-04-21,2026-04-21,,simultaneous_duplicate,false,false,false,false
876595381443358,MySivi - AI English speaking App,6,2,2026-05-23,2026-05-27,4,relaunch,false,false,false,false
919585814171318,MySivi Spoken English App,6,1,2026-03-28,2026-03-28,,simultaneous_duplicate,false,false,false,false
926009359893772,MySivi Spoken English App,6,1,2026-05-04,2026-05-04,,simultaneous_duplicate,false,false,false,false
929154296271675,MySivi Spoken English App,6,1,2026-05-18,2026-05-18,,simultaneous_duplicate,false,false,false,false
929288733053067,MySivi Spoken English App,6,1,2026-05-18,2026-05-18,,simultaneous_duplicate,false,false,false,false
954571814046530,MySivi - AI English speaking App,6,2,2026-05-23,2026-05-27,4,relaunch,false,false,false,false
989986120264986,MySivi Spoken English App,6,1,2026-05-15,2026-05-15,,simultaneous_duplicate,false,false,false,false
1000700585621663,MySivi Spoken English App,5,2,2026-05-21,2026-05-27,6,relaunch,false,false,false,false
1003248342235659,MySivi Spoken English App,5,1,2026-05-18,2026-05-18,,simultaneous_duplicate,false,false,false,false
1011854077861728,MySivi - Best English Speaking App,5,2,2026-05-20,2026-05-27,7,relaunch,false,false,false,false
1022586203666228,MySivi Spoken English App,5,1,2026-03-30,2026-03-30,,simultaneous_duplicate,false,false,false,false
1026794740313685,MySivi - AI English speaking App,5,1,2026-05-23,2026-05-23,,simultaneous_duplicate,false,false,false,false
1224292176310292,MySivi - AI English speaking App,5,1,2026-05-23,2026-05-23,,simultaneous_duplicate,false,false,false,false
1224918086193675,MySivi Spoken English App,5,1,2026-05-18,2026-05-18,,simultaneous_duplicate,false,false,false,false
1227122602738586,MySivi Spoken English App,5,1,2026-03-28,2026-03-28,,simultaneous_duplicate,false,false,false,false
1294872372199763,MySivi Spoken English App,5,1,2026-05-18,2026-05-18,,simultaneous_duplicate,false,false,false,false
1298245581656069,MySivi Spoken English App,5,1,2026-03-28,2026-03-28,,simultaneous_duplicate,false,false,false,false
1313928680696805,MySivi Spoken English App,5,1,2026-04-23,2026-04-23,,simultaneous_duplicate,false,false,false,false
1370927334845390,MySivi Spoken English App,5,1,2026-04-23,2026-04-23,,simultaneous_duplicate,false,false,false,false
1401902647937495,MySivi Spoken English App,5,1,2026-05-18,2026-05-18,,simultaneous_duplicate,false,false,false,false
1405230281623570,MySivi Spoken English App,5,1,2026-04-08,2026-04-08,,simultaneous_duplicate,false,false,false,false
1441789124160984,MySivi Spoken English App,5,1,2026-05-18,2026-05-18,,simultaneous_duplicate,false,false,false,false
1470843210799466,MySivi Spoken English App,5,2,2026-03-14,2026-03-15,1,relaunch,false,false,false,false
1490811412668874,MySivi Spoken English App,5,1,2026-05-18,2026-05-18,,simultaneous_duplicate,false,false,false,false
1500426661589445,MySivi Spoken English App,5,1,2026-04-12,2026-04-12,,simultaneous_duplicate,false,false,false,false
1506409264305894,MySivi Spoken English App,5,1,2026-05-18,2026-05-18,,simultaneous_duplicate,false,false,false,false
1508591900887307,MySivi Spoken English App,5,1,2026-04-23,2026-04-23,,simultaneous_duplicate,false,false,false,false
1622316815528717,MySivi Spoken English App,5,1,2026-05-18,2026-05-18,,simultaneous_duplicate,false,false,false,false
1626121971865132,MySivi Spoken English App,5,1,2026-03-28,2026-03-28,,simultaneous_duplicate,false,false,false,false
1628742508669950,MySivi Spoken English App,5,1,2026-05-18,2026-05-18,,simultaneous_duplicate,false,false,false,false
1633858934287065,MySivi - Best English Speaking App,5,3,2026-02-26,2026-05-27,90,relaunch,false,false,false,false
1658711432116969,MySivi Spoken English App,5,1,2026-05-18,2026-05-18,,simultaneous_duplicate,false,false,false,false
1666367364780907,MySivi Spoken English App,5,2,2026-05-21,2026-05-27,6,relaunch,false,false,false,false
1699912787830703,MySivi Spoken English App,5,2,2026-03-13,2026-03-14,1,relaunch,false,false,false,false
1708863120542000,MySivi Spoken English App,5,1,2026-05-18,2026-05-18,,simultaneous_duplicate,false,false,false,false
1714158716684403,MySivi - AI English speaking App,5,1,2026-05-23,2026-05-23,,simultaneous_duplicate,false,false,false,false
1866932230635827,MySivi Spoken English App,5,1,2026-05-18,2026-05-18,,simultaneous_duplicate,false,false,false,false
1875316373174565,MySivi Spoken English App,5,2,2026-03-13,2026-03-14,1,relaunch,false,false,false,false
1994247904545818,MySivi Spoken English App,5,1,2026-05-18,2026-05-18,,simultaneous_duplicate,false,false,false,false
2015053139404947,MySivi - Best English Speaking App,5,2,2026-05-20,2026-05-27,7,relaunch,false,false,false,false
2121227375086598,MySivi Spoken English App,5,1,2026-04-08,2026-04-08,,simultaneous_duplicate,false,false,false,false
2121614641744252,MySivi Spoken English App,5,1,2026-03-28,2026-03-28,,simultaneous_duplicate,false,false,false,false
2187985138676728,MySivi Spoken English App,5,1,2026-03-28,2026-03-28,,simultaneous_duplicate,false,false,false,false
2212675122600323,MySivi Spoken English App,5,1,2026-03-28,2026-03-28,,simultaneous_duplicate,false,false,false,false
2428302261018727,MySivi Spoken English App,5,1,2026-03-28,2026-03-28,,simultaneous_duplicate,false,false,false,false
2453912481744633,MySivi Spoken English App,5,1,2026-03-19,2026-03-19,,simultaneous_duplicate,false,false,false,false
2495643760892894,MySivi Spoken English App,5,1,2026-04-23,2026-04-23,,simultaneous_duplicate,false,false,false,false
2529987434101574,MySivi Spoken English App,5,2,2026-03-13,2026-03-14,1,relaunch,false,false,false,false
26500345142960290,MySivi Spoken English App,5,2,2026-03-13,2026-03-14,1,relaunch,false,false,false,false
2776880132659566,MySivi Spoken English App,5,1,2026-04-08,2026-04-08,,simultaneous_duplicate,false,false,false,false
2877629302579404,MySivi - AI English speaking App,5,1,2026-05-23,2026-05-23,,simultaneous_duplicate,false,false,false,false
4313351258910187,MySivi Spoken English App,5,1,2026-05-18,2026-05-18,,simultaneous_duplicate,false,false,false,false
4390605991210193,MySivi Spoken English App,5,1,2026-03-19,2026-03-19,,simultaneous_duplicate,false,false,false,false
4448835111997016,MySivi Spoken English App,5,1,2026-04-08,2026-04-08,,simultaneous_duplicate,false,false,false,false
4579746415644559,MySivi Spoken English App,5,2,2026-03-13,2026-03-14,1,relaunch,false,false,false,false
705794385890226,MySivi Spoken English App,5,1,2026-05-18,2026-05-18,,simultaneous_duplicate,false,false,false,false
821618137635352,MySivi Spoken English App,5,1,2026-04-08,2026-04-08,,simultaneous_duplicate,false,false,false,false
887955943678596,MySivi Spoken English App,5,1,2026-04-23,2026-04-23,,simultaneous_duplicate,false,false,false,false
916573367889182,MySivi Spoken English App,5,1,2026-04-12,2026-04-12,,simultaneous_duplicate,false,false,false,false
920107747234392,MySivi - Best English Speaking App,5,3,2026-02-26,2026-05-27,90,relaunch,false,false,false,false
928632976569232,MySivi Spoken English App,5,1,2026-05-18,2026-05-18,,simultaneous_duplicate,false,false,false,false
939608312302127,MySivi Spoken English App,5,1,2026-04-08,2026-04-08,,simultaneous_duplicate,false,false,false,false
943077205374197,MySivi - Best English Speaking App,5,3,2026-02-26,2026-05-27,90,relaunch,false,false,false,false
953700823835519,MySivi Spoken English App,5,2,2026-03-13,2026-03-14,1,relaunch,false,false,false,false
956287430357321,MySivi - Best English Speaking App,5,2,2026-05-20,2026-05-27,7,relaunch,false,false,false,false
968622909066343,MySivi Spoken English App,5,1,2026-05-18,2026-05-18,,simultaneous_duplicate,false,false,false,false
969700349268024,MySivi Spoken English App,5,1,2026-03-30,2026-03-30,,simultaneous_duplicate,false,false,false,false
1259351176158549,MySivi - Best English Speaking App,4,4,2026-03-17,2026-05-28,72,relaunch,false,false,false,false
1270519995162704,MySivi - Best English Speaking App,4,4,2026-03-17,2026-05-28,72,relaunch,false,false,false,false
1284743680391630,MySivi - AI English speaking App,4,1,2026-05-23,2026-05-23,,simultaneous_duplicate,false,false,false,false
1400742708539520,MySivi - AI English speaking App,4,1,2026-05-23,2026-05-23,,simultaneous_duplicate,false,false,false,false
1463703209122858,MySivi Spoken English App,4,2,2026-05-18,2026-05-19,1,relaunch,false,false,false,false
1464052005475525,MySivi Spoken English App,4,1,2026-05-18,2026-05-18,,simultaneous_duplicate,false,false,false,false
1509398264054775,MySivi Spoken English App,4,2,2026-05-18,2026-05-19,1,relaunch,false,false,false,false
1521260382932826,MySivi Spoken English App,4,2,2026-05-18,2026-05-19,1,relaunch,false,false,false,false
1601587284252288,MySivi Spoken English App,4,1,2026-04-27,2026-04-27,,simultaneous_duplicate,false,false,false,false
1614741389625403,MySivi Spoken English App,4,2,2026-05-18,2026-05-19,1,relaunch,false,false,false,false
1649114436359491,MySivi Spoken English App,4,1,2026-05-18,2026-05-18,,simultaneous_duplicate,false,false,false,false
1649433082992165,MySivi Spoken English App,4,1,2026-05-18,2026-05-18,,simultaneous_duplicate,false,false,false,false
1669002574241061,MySivi Spoken English App,4,1,2026-05-18,2026-05-18,,simultaneous_duplicate,false,false,false,false
1989886525288548,MySivi Spoken English App,4,2,2026-05-18,2026-05-19,1,relaunch,false,false,false,false
2029738507649525,MySivi Spoken English App,4,1,2026-05-18,2026-05-18,,simultaneous_duplicate,false,false,false,false
2070373570188595,MySivi Spoken English App,4,2,2026-05-18,2026-05-19,1,relaunch,false,false,false,false
2430598764121681,MySivi - Best English Speaking App,4,1,2026-05-06,2026-05-06,,simultaneous_duplicate,false,false,false,false
26278682328431057,MySivi Spoken English App,4,1,2026-05-18,2026-05-18,,simultaneous_duplicate,false,false,false,false
3256073471238491,MySivi - Best English Speaking App,4,1,2026-05-06,2026-05-06,,simultaneous_duplicate,false,false,false,false
742213492260575,MySivi Spoken English App,4,1,2026-05-11,2026-05-11,,simultaneous_duplicate,false,false,false,false
811009854797079,MySivi Spoken English App,4,1,2026-05-18,2026-05-18,,simultaneous_duplicate,false,false,false,false
859137023885126,MySivi Spoken English App,4,2,2026-05-18,2026-05-19,1,relaunch,false,false,false,false
952171714657023,MySivi - Best English Speaking App,4,4,2026-03-17,2026-05-28,72,relaunch,false,false,false,false
973508128751973,MySivi Spoken English App,4,1,2026-05-18,2026-05-18,,simultaneous_duplicate,false,false,false,false
993558049787194,MySivi Spoken English App,4,1,2026-05-18,2026-05-18,,simultaneous_duplicate,false,false,false,false
1003719535314984,MySivi Spoken English App,3,1,2026-05-21,2026-05-21,,simultaneous_duplicate,false,false,false,false
1010624641345110,MySivi Spoken English App,3,3,2026-05-11,2026-05-18,7,relaunch,false,false,false,false
1030675609297107,MySivi - AI English speaking App,3,1,2026-05-11,2026-05-11,,simultaneous_duplicate,false,false,false,false
1151663514688025,MySivi - Best English Speaking App,3,1,2026-05-08,2026-05-08,,simultaneous_duplicate,false,false,false,false
1195821235715911,MySivi Spoken English App,3,3,2026-05-15,2026-05-27,12,relaunch,false,false,false,false
1204258391720574,MySivi - AI English speaking App,3,1,2026-05-23,2026-05-23,,simultaneous_duplicate,false,false,false,false
1274548481445067,MySivi Spoken English App,3,1,2026-03-12,2026-03-12,,simultaneous_duplicate,false,false,false,false
1309060790707208,MySivi - AI English speaking App,3,1,2026-05-23,2026-05-23,,simultaneous_duplicate,false,false,false,false
1314307757419045,MySivi Spoken English App,3,1,2026-04-30,2026-04-30,,simultaneous_duplicate,false,false,false,false
1317716303542292,MySivi - Best English Speaking App,3,1,2026-04-21,2026-04-21,,simultaneous_duplicate,false,false,false,false
1322744639755965,MySivi Spoken English App,3,3,2026-05-11,2026-05-18,7,relaunch,false,false,false,false
1325949222966537,MySivi Spoken English App,3,1,2026-05-20,2026-05-20,,simultaneous_duplicate,false,false,false,false
1326096859611351,MySivi Spoken English App,3,3,2026-05-15,2026-05-27,12,relaunch,false,false,false,false
1331012325538734,MySivi Spoken English App,3,1,2026-05-20,2026-05-20,,simultaneous_duplicate,false,false,false,false
1336551831707497,MySivi Spoken English App,3,1,2026-05-18,2026-05-18,,simultaneous_duplicate,false,false,false,false
1449479493347015,MySivi - Best English Speaking App,3,1,2026-03-25,2026-03-25,,simultaneous_duplicate,false,false,false,false
1457288369432786,MySivi Spoken English App,3,3,2026-05-15,2026-05-27,12,relaunch,false,false,false,false
1458753742284301,MySivi Spoken English App,3,1,2026-03-12,2026-03-12,,simultaneous_duplicate,false,false,false,false
1462388985537185,MySivi - Best English Speaking App,3,2,2026-03-10,2026-03-22,12,relaunch,false,false,false,false
1467014958458046,MySivi Spoken English App,3,1,2026-03-12,2026-03-12,,simultaneous_duplicate,false,false,false,false
1502750718528352,MySivi,3,1,2026-05-16,2026-05-16,,placement_format_change,false,true,false,false
1519183813092055,MySivi - Best English Speaking App,3,2,2026-05-15,2026-05-27,12,relaunch,false,false,false,false
1530231268517968,MySivi Spoken English App,3,1,2026-05-18,2026-05-18,,simultaneous_duplicate,false,false,false,false
1536411941329964,MySivi - Best English Speaking App,3,1,2026-04-21,2026-04-21,,simultaneous_duplicate,false,false,false,false
1560434122167033,MySivi Spoken English App,3,1,2026-05-21,2026-05-21,,simultaneous_duplicate,false,false,false,false
1566066851151129,MySivi - Best English Speaking App,3,2,2026-04-05,2026-05-27,52,relaunch,false,false,false,false
1567427324338391,MySivi - Best English Speaking App,3,2,2026-02-27,2026-05-27,89,relaunch,false,false,false,false
1592044018737354,MySivi - AI English speaking App,3,3,2026-02-26,2026-05-27,90,relaunch,false,false,false,false
1594691094930621,MySivi - AI English speaking App,3,1,2026-05-23,2026-05-23,,simultaneous_duplicate,false,false,false,false
1604785474162240,MySivi Spoken English App,3,3,2026-05-15,2026-05-27,12,relaunch,false,false,false,false
1620376385881859,MySivi Spoken English App,3,1,2026-05-18,2026-05-18,,simultaneous_duplicate,false,false,false,false
1622507415558676,MySivi Spoken English App,3,3,2026-05-15,2026-05-27,12,relaunch,false,false,false,false
1626034001814352,MySivi - Best English Speaking App,3,2,2026-04-05,2026-05-27,52,relaunch,false,false,false,false
1648748513083306,MySivi Spoken English App,3,3,2026-05-15,2026-05-27,12,relaunch,false,false,false,false
1648971856222147,MySivi - AI English speaking App,3,1,2026-05-23,2026-05-23,,simultaneous_duplicate,false,false,false,false
1653137739166143,MySivi - AI English speaking App,3,2,2026-05-07,2026-05-28,21,relaunch,false,false,false,false
1711130029905009,MySivi Spoken English App,3,1,2026-05-20,2026-05-20,,simultaneous_duplicate,false,false,false,false
1726412415058913,MySivi Spoken English App,3,1,2026-05-20,2026-05-20,,simultaneous_duplicate,false,false,false,false
1727118561628310,MySivi Spoken English App,3,3,2026-05-11,2026-05-18,7,relaunch,false,false,false,false
1742378790261594,MySivi - Best English Speaking App,3,2,2026-05-15,2026-05-27,12,relaunch,false,false,false,false
1746108369700883,MySivi Spoken English App,3,1,2026-05-18,2026-05-18,,simultaneous_duplicate,false,false,false,false
1764981477809750,MySivi Spoken English App,3,1,2026-05-20,2026-05-20,,simultaneous_duplicate,false,false,false,false
1766235101419950,MySivi,3,1,2026-05-16,2026-05-16,,placement_format_change,false,true,false,false
1770363464324959,MySivi Spoken English App,3,1,2026-04-30,2026-04-30,,simultaneous_duplicate,false,false,false,false
1915691329071893,MySivi Spoken English App,3,3,2026-05-15,2026-05-27,12,relaunch,false,false,false,false
1947479269512510,MySivi Spoken English App,3,1,2026-05-18,2026-05-18,,simultaneous_duplicate,false,false,false,false
2000356520863551,MySivi Spoken English App,3,3,2026-05-15,2026-05-27,12,relaunch,false,false,false,false
2003381777282440,MySivi Spoken English App,3,1,2026-05-18,2026-05-18,,simultaneous_duplicate,false,false,false,false
2057001265231638,MySivi Spoken English App,3,1,2026-05-13,2026-05-13,,simultaneous_duplicate,false,false,false,false
2068717307413498,MySivi - Best English Speaking App,3,2,2026-05-18,2026-05-27,9,relaunch,false,false,false,false
2069285177340370,MySivi - AI English speaking App,3,1,2026-05-23,2026-05-23,,simultaneous_duplicate,false,false,false,false
2100754480710607,MySivi - Best English Speaking App,3,1,2026-03-25,2026-03-25,,simultaneous_duplicate,false,false,false,false
2148083845740644,MySivi - AI English speaking App,3,1,2026-05-23,2026-05-23,,simultaneous_duplicate,false,false,false,false
2155766768590897,MySivi - Best English Speaking App,3,2,2026-05-18,2026-05-27,9,relaunch,false,false,false,false
2177734223002124,MySivi - Best English Speaking App,3,2,2026-04-27,2026-05-27,30,relaunch,false,false,false,false
2187419395358283,MySivi Spoken English App,3,1,2026-05-18,2026-05-18,,simultaneous_duplicate,false,false,false,false
2282920772237156,MySivi - Best English Speaking App,3,2,2026-04-21,2026-05-27,36,relaunch,false,false,false,false
2314753332335203,MySivi Spoken English App,3,1,2026-05-21,2026-05-21,,simultaneous_duplicate,false,false,false,false
2379080592572632,MySivi Spoken English App,3,3,2026-05-15,2026-05-27,12,relaunch,false,false,false,false
2397605794050606,MySivi Spoken English App,3,1,2026-05-21,2026-05-21,,simultaneous_duplicate,false,false,false,false
2451096275411627,MySivi Spoken English App,3,3,2026-05-15,2026-05-27,12,relaunch,false,false,false,false
2487315125067028,MySivi Spoken English App,3,1,2026-05-20,2026-05-20,,simultaneous_duplicate,false,false,false,false
2626594457734328,MySivi Spoken English App,3,1,2026-05-18,2026-05-18,,simultaneous_duplicate,false,false,false,false
2823515984648506,MySivi Spoken English App,3,3,2026-05-15,2026-05-27,12,relaunch,false,false,false,false
3857284184581387,MySivi Spoken English App,3,3,2026-05-15,2026-05-27,12,relaunch,false,false,false,false
4001385613487843,MySivi - AI English speaking App,3,2,2026-05-07,2026-05-28,21,relaunch,false,false,false,false
4213597842242138,MySivi - AI English speaking App,3,3,2026-02-26,2026-05-27,90,relaunch,false,false,false,false
4290098487973202,MySivi - Best English Speaking App,3,2,2026-04-21,2026-05-27,36,relaunch,false,false,false,false
4540727896198471,MySivi - AI English speaking App,3,3,2026-02-26,2026-05-27,90,relaunch,false,false,false,false
756325934218747,MySivi - Best English Speaking App,3,2,2026-02-27,2026-05-27,89,relaunch,false,false,false,false
793690836766387,MySivi Spoken English App,3,3,2026-05-15,2026-05-27,12,relaunch,false,false,false,false
866302806504191,MySivi Spoken English App,3,1,2026-05-21,2026-05-21,,simultaneous_duplicate,false,false,false,false
869097026219993,MySivi - AI English speaking App,3,1,2026-05-11,2026-05-11,,simultaneous_duplicate,false,false,false,false
870690051952433,MySivi Spoken English App,3,1,2026-05-20,2026-05-20,,simultaneous_duplicate,false,false,false,false
893592617057361,MySivi - AI English speaking App,3,1,2026-05-11,2026-05-11,,simultaneous_duplicate,false,false,false,false
914367568121395,MySivi - Best English Speaking App,3,2,2026-03-10,2026-03-22,12,relaunch,false,false,false,false
921850710723400,MySivi Spoken English App,3,3,2026-05-11,2026-05-18,7,relaunch,false,false,false,false
924262160239210,MySivi Spoken English App,3,3,2026-05-15,2026-05-27,12,relaunch,false,false,false,false
929087416430681,MySivi - Best English Speaking App,3,2,2026-04-05,2026-05-27,52,relaunch,false,false,false,false
943556318445207,MySivi - Best English Speaking App,3,1,2026-05-08,2026-05-08,,simultaneous_duplicate,false,false,false,false
953452073969111,MySivi - Best English Speaking App,3,1,2026-05-08,2026-05-08,,simultaneous_duplicate,false,false,false,false
964508779739269,MySivi Spoken English App,3,3,2026-05-15,2026-05-27,12,relaunch,false,false,false,false
966723839225566,MySivi Spoken English App,3,3,2026-05-15,2026-05-27,12,relaunch,false,false,false,false
971914591954473,MySivi - Best English Speaking App,3,2,2026-04-27,2026-05-27,30,relaunch,false,false,false,false
975886871718212,MySivi - Best English Speaking App,3,2,2026-02-27,2026-05-27,89,relaunch,false,false,false,false
979413024459656,MySivi - Best English Speaking App,3,2,2026-05-18,2026-05-27,9,relaunch,false,false,false,false
990996126922306,MySivi Spoken English App,3,1,2026-05-18,2026-05-18,,simultaneous_duplicate,false,false,false,false
992334193289614,MySivi Spoken English App,3,1,2026-05-20,2026-05-20,,simultaneous_duplicate,false,false,false,false
993914189728348,MySivi - Best English Speaking App,3,2,2026-04-21,2026-05-27,36,relaunch,false,false,false,false
995474763431312,MySivi - Best English Speaking App,3,2,2026-05-15,2026-05-27,12,relaunch,false,false,false,false
996364509503732,MySivi Spoken English App,3,1,2026-04-26,2026-04-26,,simultaneous_duplicate,false,false,false,false
999638893239027,MySivi Spoken English App,3,3,2026-05-15,2026-05-27,12,relaunch,false,false,false,false
1007859061967446,MySivi Spoken English App,2,1,2026-05-08,2026-05-08,,simultaneous_duplicate,false,false,false,false
1011678297893214,MySivi - Best English Speaking App,2,2,2026-04-25,2026-04-26,1,relaunch,false,false,false,false
1018784857139748,MySivi - Best English Speaking App,2,2,2026-04-25,2026-04-26,1,relaunch,false,false,false,false
1022434796890840,MySivi Spoken English App,2,2,2026-02-26,2026-05-27,90,relaunch,false,false,false,false
1023669149983656,MySivi Spoken English App,2,1,2026-04-26,2026-04-26,,simultaneous_duplicate,false,false,false,false
1071218332745359,MySivi - Best English Speaking App,2,1,2026-04-30,2026-04-30,,simultaneous_duplicate,false,false,false,false
1087417490926752,MySivi Spoken English App,2,1,2026-04-09,2026-04-09,,simultaneous_duplicate,false,false,false,false
1142897134628752,MySivi - Best English Speaking App,2,2,2026-04-15,2026-05-28,43,relaunch,false,false,false,false
1212127940752948,MySivi Spoken English App,2,1,2026-05-11,2026-05-11,,simultaneous_duplicate,false,false,false,false
1244249980815352,MySivi - Best English Speaking App,2,1,2026-04-25,2026-04-25,,simultaneous_duplicate,false,false,false,false
1255624560024896,MySivi - Best English Speaking App,2,1,2026-04-03,2026-04-03,,simultaneous_duplicate,false,false,false,false
1257810376436956,MySivi - Best English Speaking App,2,2,2026-04-28,2026-05-27,29,relaunch,false,false,false,false
1259506026253863,MySivi - Best English Speaking App,2,1,2026-04-26,2026-04-26,,simultaneous_duplicate,false,false,false,false
1262752772689545,MySivi - Best English Speaking App,2,1,2026-04-27,2026-04-27,,simultaneous_duplicate,false,false,false,false
1268071498810975,MySivi - Best English Speaking App,2,2,2026-04-25,2026-04-26,1,relaunch,false,false,false,false
1268633278781006,MySivi - Best English Speaking App,2,1,2026-04-26,2026-04-26,,simultaneous_duplicate,false,false,false,false
1271807964925842,MySivi Spoken English App,2,1,2026-03-15,2026-03-15,,simultaneous_duplicate,false,false,false,false
1278473014229905,MySivi,2,1,2026-03-11,2026-03-11,,simultaneous_duplicate,false,false,false,false
1279713767692486,MySivi - Best English Speaking App,2,1,2026-04-27,2026-04-27,,simultaneous_duplicate,false,false,false,false
1280568334271585,MySivi - AI English speaking App,2,2,2026-03-17,2026-03-18,1,relaunch,false,false,false,false
1281842880587780,MySivi - Best English Speaking App,2,1,2026-04-26,2026-04-26,,simultaneous_duplicate,false,false,false,false
1285831290406325,MySivi Spoken English App,2,2,2026-02-25,2026-06-07,102,relaunch,false,false,false,false
1286729530256052,MySivi Spoken English App,2,2,2026-03-22,2026-03-23,1,relaunch,false,false,false,false
1287526666918581,MySivi Spoken English App,2,2,2026-04-02,2026-04-04,2,relaunch,false,false,false,false
1292326936145402,MySivi Spoken English App,2,1,2026-03-22,2026-03-22,,simultaneous_duplicate,false,false,false,false
1293430818987867,MySivi Spoken English App,2,1,2026-04-21,2026-04-21,,simultaneous_duplicate,false,false,false,false
1306358368312161,MySivi Spoken English App,2,1,2026-04-12,2026-04-12,,simultaneous_duplicate,false,false,false,false
1309732577713094,MySivi - Best English Speaking App,2,1,2026-03-19,2026-03-19,,simultaneous_duplicate,false,false,false,false
1310942920479367,MySivi,2,2,2026-03-04,2026-05-28,85,relaunch,false,false,false,false
1315278853860233,MySivi Spoken English App,2,1,2026-03-15,2026-03-15,,simultaneous_duplicate,false,false,false,false
1316236780725834,MySivi,2,1,2026-05-16,2026-05-16,,simultaneous_duplicate,false,false,false,false
1316314037066625,MySivi - AI English speaking App,2,1,2026-04-24,2026-04-24,,simultaneous_duplicate,false,false,false,false
1320392123333597,MySivi Spoken English App,2,1,2026-03-25,2026-03-25,,simultaneous_duplicate,false,false,false,false
1324308712904279,MySivi - Best English Speaking App,2,1,2026-04-25,2026-04-25,,simultaneous_duplicate,false,false,false,false
1327750302736660,MySivi,2,2,2026-03-17,2026-03-18,1,relaunch,false,false,false,false
1331606945546433,MySivi - AI English speaking App,2,1,2026-05-11,2026-05-11,,simultaneous_duplicate,false,false,false,false
1334520321876231,MySivi - Best English Speaking App,2,1,2026-04-25,2026-04-25,,simultaneous_duplicate,false,false,false,false
1343882707556162,MySivi Spoken English App,2,1,2026-04-21,2026-04-21,,simultaneous_duplicate,false,false,false,false
1345343977409186,MySivi Spoken English App,2,1,2026-04-08,2026-04-08,,simultaneous_duplicate,false,false,false,false
1357892296202438,MySivi Spoken English App,2,1,2026-04-20,2026-04-20,,simultaneous_duplicate,false,false,false,false
1360759119207161,MySivi Spoken English App,2,1,2026-05-13,2026-05-13,,simultaneous_duplicate,false,false,false,false
1362725889021539,MySivi,2,1,2026-05-08,2026-05-08,,simultaneous_duplicate,false,false,false,false
1419201076128864,MySivi - Best English Speaking App,2,1,2026-03-05,2026-03-05,,simultaneous_duplicate,false,false,false,false
1420757516152319,MySivi Spoken English App,2,2,2026-03-24,2026-03-25,1,relaunch,false,false,false,false
1426019572856130,MySivi - Best English Speaking App,2,2,2026-05-26,2026-05-27,1,relaunch,false,false,false,false
1427122046102047,MySivi - Best English Speaking App,2,1,2026-05-18,2026-05-18,,simultaneous_duplicate,false,false,false,false
1431473318131548,MySivi Spoken English App,2,1,2026-04-27,2026-04-27,,simultaneous_duplicate,false,false,false,false
1451238069802927,MySivi Spoken English App,2,1,2026-04-20,2026-04-20,,simultaneous_duplicate,false,false,false,false
1451670662800433,MySivi,2,1,2026-05-04,2026-05-04,,simultaneous_duplicate,false,false,false,false
1462832258740074,MySivi Spoken English App,2,1,2026-03-22,2026-03-22,,simultaneous_duplicate,false,false,false,false
1465693778484060,MySivi - Best English Speaking App,2,2,2026-03-26,2026-05-27,62,relaunch,false,false,false,false
1469654061103002,MySivi - Best English Speaking App,2,1,2026-05-26,2026-05-26,,simultaneous_duplicate,false,false,false,false
1473041047655931,MySivi - AI English speaking App,2,1,2026-05-03,2026-05-03,,simultaneous_duplicate,false,false,false,false
1478416939939741,MySivi Spoken English App,2,1,2026-04-29,2026-04-29,,simultaneous_duplicate,false,false,false,false
1481711833647092,MySivi - Best English Speaking App,2,1,2026-04-25,2026-04-25,,simultaneous_duplicate,false,false,false,false
1483474123320143,MySivi - Best English Speaking App,2,2,2026-04-25,2026-04-26,1,relaunch,false,false,false,false
1483495626521470,MySivi - AI English speaking App,2,1,2026-04-10,2026-04-10,,simultaneous_duplicate,false,false,false,false
1484045400015832,MySivi Spoken English App,2,2,2026-03-17,2026-03-18,1,relaunch,false,false,false,false
1484875443337231,MySivi - Best English Speaking App,2,1,2026-04-25,2026-04-25,,simultaneous_duplicate,false,false,false,false
1485119189949790,MySivi Spoken English App,2,1,2026-04-13,2026-04-13,,simultaneous_duplicate,false,false,false,false
1487853392436697,MySivi App,2,1,2026-06-04,2026-06-04,,simultaneous_duplicate,false,false,false,false
1489480965907714,MySivi - Best English Speaking App,2,2,2026-04-25,2026-04-26,1,relaunch,false,false,false,false
1493763522185565,MySivi - Best English Speaking App,2,1,2026-04-27,2026-04-27,,simultaneous_duplicate,false,false,false,false
1497560987900464,MySivi - AI English speaking App,2,1,2026-05-12,2026-05-12,,simultaneous_duplicate,false,false,false,false
1503317931521366,MySivi Spoken English App,2,1,2026-05-13,2026-05-13,,simultaneous_duplicate,false,false,false,false
1506466884530800,MySivi - Best English Speaking App,2,1,2026-04-25,2026-04-25,,simultaneous_duplicate,false,false,false,false
1519407696310883,MySivi - Best English Speaking App,2,1,2026-05-14,2026-05-14,,simultaneous_duplicate,false,false,false,false
1520336123110661,MySivi Spoken English App,2,2,2026-03-24,2026-03-25,1,relaunch,false,false,false,false
1523637609344603,MySivi Spoken English App,2,2,2026-03-24,2026-03-25,1,relaunch,false,false,false,false
1526192532480742,MySivi - Best English Speaking App,2,2,2026-03-28,2026-05-28,61,relaunch,false,false,false,false
1528642198598715,MySivi - Best English Speaking App,2,1,2026-04-25,2026-04-25,,simultaneous_duplicate,false,false,false,false
1535372884822703,MySivi Spoken English App,2,1,2026-03-22,2026-03-22,,simultaneous_duplicate,false,false,false,false
1539756771201455,MySivi Spoken English App,2,2,2026-03-24,2026-03-25,1,relaunch,false,false,false,false
1543430324019962,MySivi Spoken English App,2,1,2026-03-22,2026-03-22,,simultaneous_duplicate,false,false,false,false
1561720772037299,MySivi Spoken English App,2,2,2026-04-16,2026-04-21,5,relaunch,false,false,false,false
1578225453239300,MySivi Spoken English App,2,1,2026-04-29,2026-04-29,,simultaneous_duplicate,false,false,false,false
1588105538932312,MySivi Spoken English App,2,1,2026-03-30,2026-03-30,,simultaneous_duplicate,false,false,false,false
1596918468180759,MySivi Spoken English App,2,1,2026-04-20,2026-04-20,,simultaneous_duplicate,false,false,false,false
1604451180614858,MySivi - AI English speaking App,2,1,2026-05-03,2026-05-03,,simultaneous_duplicate,false,false,false,false
1606083887290831,MySivi Spoken English App,2,1,2026-04-13,2026-04-13,,simultaneous_duplicate,false,false,false,false
1608996323737663,MySivi - Best English Speaking App,2,1,2026-04-25,2026-04-25,,simultaneous_duplicate,false,false,false,false
1612701149834888,MySivi - Best English Speaking App,2,2,2026-05-08,2026-05-27,19,relaunch,false,false,false,false
1628318558372207,MySivi,2,1,2026-04-15,2026-04-15,,simultaneous_duplicate,false,false,false,false
1629788641378720,MySivi,2,2,2026-03-04,2026-05-28,85,relaunch,false,false,false,false
1632918904659828,MySivi - AI English speaking App,2,1,2026-05-16,2026-05-16,,simultaneous_duplicate,false,false,false,false
1634596240921014,MySivi Spoken English App,2,1,2026-03-30,2026-03-30,,simultaneous_duplicate,false,false,false,false
1637815324305283,MySivi Spoken English App,2,1,2026-05-13,2026-05-13,,simultaneous_duplicate,false,false,false,false
1641221933807538,MySivi - Best English Speaking App,2,2,2026-05-26,2026-05-27,1,relaunch,false,false,false,false
1643092743565496,MySivi - AI English speaking App,2,1,2026-04-26,2026-04-26,,simultaneous_duplicate,false,false,false,false
1645212966784073,MySivi - Best English Speaking App,2,2,2026-03-26,2026-05-27,62,relaunch,false,false,false,false
1648550166387923,MySivi - Best English Speaking App,2,1,2026-03-29,2026-03-29,,simultaneous_duplicate,false,false,false,false
1651364626065468,MySivi Spoken English App,2,1,2026-05-13,2026-05-13,,simultaneous_duplicate,false,false,false,false
1653210032495777,MySivi Spoken English App,2,1,2026-03-30,2026-03-30,,simultaneous_duplicate,false,false,false,false
1654263695604399,MySivi Spoken English App,2,2,2026-02-25,2026-06-07,102,relaunch,false,false,false,false
1661161988339623,MySivi - Best English Speaking App,2,2,2026-04-27,2026-05-27,30,relaunch,false,false,false,false
1665952551144851,MySivi App,2,1,2026-06-04,2026-06-04,,simultaneous_duplicate,false,false,false,false
1668182810858464,MySivi - Best English Speaking App,2,2,2026-04-25,2026-04-26,1,relaunch,false,false,false,false
1668250954361069,MySivi - Best English Speaking App,2,2,2026-03-28,2026-04-23,26,relaunch,false,false,false,false
1668487264579198,MySivi - Best English Speaking App,2,2,2026-04-25,2026-04-26,1,relaunch,false,false,false,false
1675155500460063,MySivi Spoken English App,2,1,2026-03-30,2026-03-30,,simultaneous_duplicate,false,false,false,false
1676742056654769,MySivi - Best English Speaking App,2,2,2026-04-25,2026-04-26,1,relaunch,false,false,false,false
1679385150149383,MySivi - Best English Speaking App,2,1,2026-04-25,2026-04-25,,simultaneous_duplicate,false,false,false,false
1699159654789405,MySivi,2,2,2026-03-22,2026-05-28,67,relaunch,false,false,false,false
1700085264501741,MySivi Spoken English App,2,1,2026-05-01,2026-05-01,,simultaneous_duplicate,false,false,false,false
1704435247382664,MySivi - AI English speaking App,2,1,2026-05-23,2026-05-23,,simultaneous_duplicate,false,false,false,false
1706609284023850,MySivi - AI English speaking App,2,1,2026-05-03,2026-05-03,,simultaneous_duplicate,false,false,false,false
1709243003542256,MySivi Spoken English App,2,1,2026-04-26,2026-04-26,,simultaneous_duplicate,false,false,false,false
1766288344813815,MySivi - AI English speaking App,2,1,2026-05-13,2026-05-13,,simultaneous_duplicate,false,false,false,false
1796581764649740,MySivi Spoken English App,2,1,2026-04-20,2026-04-20,,simultaneous_duplicate,false,false,false,false
1798126881352695,MySivi - Best English Speaking App,2,1,2026-04-26,2026-04-26,,simultaneous_duplicate,false,false,false,false
1816186535737116,MySivi - Best English Speaking App,2,1,2026-03-19,2026-03-19,,simultaneous_duplicate,false,false,false,false
1856979208332377,MySivi - Best English Speaking App,2,2,2026-03-29,2026-05-27,59,relaunch,false,false,false,false
1868630073705991,MySivi Spoken English App,2,1,2026-04-20,2026-04-20,,simultaneous_duplicate,false,false,false,false
1879038982757913,MySivi - Best English Speaking App,2,1,2026-05-02,2026-05-02,,simultaneous_duplicate,false,false,false,false
1879274509358826,MySivi Spoken English App,2,1,2026-03-30,2026-03-30,,simultaneous_duplicate,false,false,false,false
1921056165244988,MySivi,2,1,2026-05-16,2026-05-16,,simultaneous_duplicate,false,false,false,false
1942366103150412,MySivi Spoken English App,2,1,2026-05-04,2026-05-04,,simultaneous_duplicate,false,false,false,false
1945990252717139,MySivi - Best English Speaking App,2,1,2026-05-18,2026-05-18,,simultaneous_duplicate,false,false,false,false
1946640566031312,MySivi - Best English Speaking App,2,1,2026-05-18,2026-05-18,,simultaneous_duplicate,false,false,false,false
1962373651339452,MySivi Spoken English App,2,1,2026-04-27,2026-04-27,,simultaneous_duplicate,false,false,false,false
1967730397468922,MySivi - Best English Speaking App,2,1,2026-05-02,2026-05-02,,simultaneous_duplicate,false,false,false,false
1985957042274440,MySivi Spoken English App,2,1,2026-05-13,2026-05-13,,simultaneous_duplicate,false,false,false,false
2012397439485192,MySivi - Best English Speaking App,2,1,2026-04-25,2026-04-25,,simultaneous_duplicate,false,false,false,false
2015938819317138,MySivi Spoken English App,2,1,2026-04-29,2026-04-29,,simultaneous_duplicate,false,false,false,false
2016029852643642,MySivi Spoken English App,2,1,2026-04-20,2026-04-20,,simultaneous_duplicate,false,false,false,false
2018970885719105,MySivi Spoken English App,2,1,2026-02-17,2026-02-17,,simultaneous_duplicate,false,false,false,false
2022432844996505,MySivi - Best English Speaking App,2,2,2026-02-25,2026-03-23,26,relaunch,false,false,false,false
2046521053414270,MySivi - Best English Speaking App,2,1,2026-06-08,2026-06-08,,simultaneous_duplicate,false,false,false,false
2050151385851572,MySivi,2,1,2026-05-11,2026-05-11,,simultaneous_duplicate,false,false,false,false
2055592285000447,MySivi Spoken English App,2,1,2026-03-29,2026-03-29,,simultaneous_duplicate,false,false,false,false
2071790433550826,MySivi - AI English speaking App,2,1,2026-05-23,2026-05-23,,simultaneous_duplicate,false,false,false,false
2074065876709578,MySivi - Best English Speaking App,2,1,2026-03-11,2026-03-11,,simultaneous_duplicate,false,false,false,false
2091651081684278,MySivi Spoken English App,2,1,2026-03-29,2026-03-29,,simultaneous_duplicate,false,false,false,false
2099275117301825,MySivi,2,2,2026-03-22,2026-05-28,67,relaunch,false,false,false,false
2140866776750997,MySivi Spoken English App,2,1,2026-04-29,2026-04-29,,simultaneous_duplicate,false,false,false,false
2145516519321655,MySivi - Best English Speaking App,2,1,2026-04-27,2026-04-27,,simultaneous_duplicate,false,false,false,false
2150303552176321,MySivi,2,1,2026-03-10,2026-03-10,,simultaneous_duplicate,false,false,false,false
2154159342046433,MySivi - AI English speaking App,2,1,2026-04-24,2026-04-24,,simultaneous_duplicate,false,false,false,false
2160250698081128,MySivi Spoken English App,2,2,2026-03-24,2026-03-25,1,relaunch,false,false,false,false
2166519527537093,MySivi - Best English Speaking App,2,1,2026-04-03,2026-04-03,,simultaneous_duplicate,false,false,false,false
2174537080053843,MySivi Spoken English App,2,1,2026-04-13,2026-04-13,,simultaneous_duplicate,false,false,false,false
2193157824835756,MySivi Spoken English App,2,1,2026-03-25,2026-03-25,,simultaneous_duplicate,false,false,false,false
2209407279828265,MySivi Spoken English App,2,2,2026-04-02,2026-04-04,2,relaunch,false,false,false,false
2276309532904433,MySivi Spoken English App,2,1,2026-04-26,2026-04-26,,simultaneous_duplicate,false,false,false,false
2301236813739561,MySivi Spoken English App,2,2,2026-04-16,2026-04-21,5,relaunch,false,false,false,false
2302627590232724,MySivi Spoken English App,2,1,2026-04-09,2026-04-09,,simultaneous_duplicate,false,false,false,false
2330900914065991,MySivi Spoken English App,2,1,2026-04-29,2026-04-29,,simultaneous_duplicate,false,false,false,false
2378305412681631,MySivi Spoken English App,2,1,2026-04-09,2026-04-09,,simultaneous_duplicate,false,false,false,false
2404124340028110,MySivi - Best English Speaking App,2,1,2026-03-05,2026-03-05,,simultaneous_duplicate,false,false,false,false
2422283561576901,MySivi - Best English Speaking App,2,1,2026-05-18,2026-05-18,,simultaneous_duplicate,false,false,false,false
2433732887048975,MySivi - Best English Speaking App,2,1,2026-03-29,2026-03-29,,simultaneous_duplicate,false,false,false,false
2476605526098229,MySivi - Best English Speaking App,2,1,2026-05-27,2026-05-27,,simultaneous_duplicate,false,false,false,false
24844316141933002,MySivi Spoken English App,2,2,2026-03-22,2026-03-23,1,relaunch,false,false,false,false
2502707080175731,MySivi - AI English speaking App,2,1,2026-05-11,2026-05-11,,simultaneous_duplicate,false,false,false,false
2536968253428776,MySivi - AI English speaking App,2,1,2026-05-23,2026-05-23,,simultaneous_duplicate,false,false,false,false
25786060331062685,MySivi Spoken English App,2,1,2026-05-13,2026-05-13,,simultaneous_duplicate,false,false,false,false
26591956137093279,MySivi - AI English speaking App,2,1,2026-05-11,2026-05-11,,simultaneous_duplicate,false,false,false,false
26797446529949002,MySivi,2,1,2026-05-23,2026-05-23,,simultaneous_duplicate,false,false,false,false
26877970818456137,MySivi Spoken English App,2,2,2026-03-24,2026-03-25,1,relaunch,false,false,false,false
2701220936928037,MySivi - AI English speaking App,2,1,2026-04-02,2026-04-02,,simultaneous_duplicate,false,false,false,false
27030739196535929,MySivi Spoken English App,2,1,2026-04-12,2026-04-12,,simultaneous_duplicate,false,false,false,false
27112460661684304,MySivi - AI English speaking App,2,1,2026-05-03,2026-05-03,,simultaneous_duplicate,false,false,false,false
27290206770667258,MySivi Spoken English App,2,1,2026-03-25,2026-03-25,,simultaneous_duplicate,false,false,false,false
27312994971640756,MySivi Spoken English App,2,1,2026-04-09,2026-04-09,,simultaneous_duplicate,false,false,false,false
27857383140528183,MySivi - Best English Speaking App,2,2,2026-04-25,2026-04-26,1,relaunch,false,false,false,false
2795072854189932,MySivi Spoken English App,2,1,2026-04-20,2026-04-20,,simultaneous_duplicate,false,false,false,false
2802423913468003,MySivi - Best English Speaking App,2,2,2026-04-25,2026-04-29,4,relaunch,false,false,false,false
2814618505547674,MySivi - Best English Speaking App,2,2,2026-02-25,2026-03-23,26,relaunch,false,false,false,false
2819469955061376,MySivi Spoken English App,2,1,2026-04-13,2026-04-13,,simultaneous_duplicate,false,false,false,false
2827512444247406,MySivi Spoken English App,2,1,2026-03-31,2026-03-31,,simultaneous_duplicate,false,false,false,false
2995894884080267,MySivi,2,1,2026-05-16,2026-05-16,,simultaneous_duplicate,false,false,false,false
2999749580221758,MySivi,2,1,2026-03-11,2026-03-11,,simultaneous_duplicate,false,false,false,false
3081854985538533,MySivi Spoken English App,2,1,2026-04-12,2026-04-12,,simultaneous_duplicate,false,false,false,false
35346300615014993,MySivi - Best English Speaking App,2,2,2026-04-27,2026-05-27,30,relaunch,false,false,false,false
3734932646646722,MySivi App,2,1,2026-06-04,2026-06-04,,simultaneous_duplicate,false,false,false,false
3832667117040834,MySivi - Best English Speaking App,2,2,2026-04-25,2026-04-26,1,relaunch,false,false,false,false
3906372976325729,MySivi - Best English Speaking App,2,1,2026-05-02,2026-05-02,,simultaneous_duplicate,false,false,false,false
3965412450258955,MySivi Spoken English App,2,1,2026-05-14,2026-05-14,,simultaneous_duplicate,false,false,false,false
3989397097863539,MySivi Spoken English App,2,1,2026-04-13,2026-04-13,,simultaneous_duplicate,false,false,false,false
4179647645586249,MySivi - Best English Speaking App,2,1,2026-04-25,2026-04-25,,simultaneous_duplicate,false,false,false,false
4210298219220133,MySivi Spoken English App,2,1,2026-02-17,2026-02-17,,simultaneous_duplicate,false,false,false,false
4211823889130191,MySivi - AI English speaking App,2,1,2026-05-12,2026-05-12,,simultaneous_duplicate,false,false,false,false
4309710132600481,MySivi - Best English Speaking App,2,2,2026-04-27,2026-05-27,30,relaunch,false,false,false,false
4407884322759937,MySivi,2,1,2026-03-10,2026-03-10,,simultaneous_duplicate,false,false,false,false
4423694127908972,MySivi Spoken English App,2,1,2026-05-04,2026-05-04,,simultaneous_duplicate,false,false,false,false
4441412029519259,MySivi - Best English Speaking App,2,1,2026-04-25,2026-04-25,,simultaneous_duplicate,false,false,false,false
4459719324263987,MySivi Spoken English App,2,1,2026-05-01,2026-05-01,,simultaneous_duplicate,false,false,false,false
4512978995690821,MySivi - Best English Speaking App,2,1,2026-05-12,2026-05-12,,simultaneous_duplicate,false,false,false,false
654884707719987,MySivi - Best English Speaking App,2,2,2026-04-25,2026-04-26,1,relaunch,false,false,false,false
710773818697429,MySivi,2,1,2026-03-10,2026-03-10,,simultaneous_duplicate,false,false,false,false
729755693462144,MySivi - Best English Speaking App,2,1,2026-04-03,2026-04-03,,simultaneous_duplicate,false,false,false,false
729901470083197,MySivi - Best English Speaking App,2,1,2026-03-11,2026-03-11,,simultaneous_duplicate,false,false,false,false
729999700140044,MySivi - Best English Speaking App,2,1,2026-04-25,2026-04-25,,simultaneous_duplicate,false,false,false,false
750870274716392,MySivi Spoken English App,2,1,2026-03-25,2026-03-25,,simultaneous_duplicate,false,false,false,false
782153618005907,MySivi Spoken English App,2,2,2026-03-24,2026-03-25,1,relaunch,false,false,false,false
787191001127991,MySivi Spoken English App,2,1,2026-04-21,2026-04-21,,simultaneous_duplicate,false,false,false,false
795836983249916,MySivi Spoken English App,2,1,2026-04-26,2026-04-26,,simultaneous_duplicate,false,false,false,false
796741819912167,MySivi - Best English Speaking App,2,1,2026-04-25,2026-04-25,,simultaneous_duplicate,false,false,false,false
800270126006456,MySivi - Best English Speaking App,2,2,2026-03-28,2026-04-23,26,relaunch,false,false,false,false
814662408115014,MySivi - Best English Speaking App,2,1,2026-05-18,2026-05-18,,simultaneous_duplicate,false,false,false,false
828046342935469,MySivi Spoken English App,2,2,2026-03-22,2026-03-23,1,relaunch,false,false,false,false
831199716711951,MySivi,2,1,2026-05-11,2026-05-11,,simultaneous_duplicate,false,false,false,false
837153365685876,MySivi Spoken English App,2,2,2026-05-18,2026-05-19,1,relaunch,false,false,false,false
840908545727210,MySivi - AI English speaking App,2,1,2026-05-08,2026-05-08,,simultaneous_duplicate,false,false,false,false
844004938732119,MySivi,2,1,2026-04-15,2026-04-15,,simultaneous_duplicate,false,false,false,false
844649882007515,MySivi - Best English Speaking App,2,1,2026-04-25,2026-04-25,,simultaneous_duplicate,false,false,false,false
850485390656030,MySivi - Best English Speaking App,2,1,2026-04-25,2026-04-25,,simultaneous_duplicate,false,false,false,false
852057223823065,MySivi - Best English Speaking App,2,2,2026-04-25,2026-04-26,1,relaunch,false,false,false,false
858227866648949,MySivi - AI English speaking App,2,1,2026-05-16,2026-05-16,,simultaneous_duplicate,false,false,false,false
872455912576404,MySivi App,2,1,2026-06-04,2026-06-04,,simultaneous_duplicate,false,false,false,false
873908202336553,MySivi,2,1,2026-03-10,2026-03-10,,simultaneous_duplicate,false,false,false,false
879780724428689,MySivi App,2,1,2026-06-04,2026-06-04,,simultaneous_duplicate,false,false,false,false
892399700479760,MySivi - AI English speaking App,2,1,2026-05-08,2026-05-08,,simultaneous_duplicate,false,false,false,false
896100040116048,MySivi - AI English speaking App,2,1,2026-05-08,2026-05-08,,simultaneous_duplicate,false,false,false,false
896370286784868,MySivi - Best English Speaking App,2,1,2026-04-25,2026-04-25,,simultaneous_duplicate,false,false,false,false
900996322983088,MySivi - Best English Speaking App,2,1,2026-04-30,2026-04-30,,simultaneous_duplicate,false,false,false,false
904725375680049,MySivi - Best English Speaking App,2,1,2026-03-10,2026-03-10,,simultaneous_duplicate,false,false,false,false
906156605788310,MySivi - AI English speaking App,2,1,2026-04-26,2026-04-26,,simultaneous_duplicate,false,false,false,false
913058388118205,MySivi Spoken English App,2,1,2026-03-15,2026-03-15,,simultaneous_duplicate,false,false,false,false
923312633399347,MySivi - Best English Speaking App,2,1,2026-03-05,2026-03-05,,simultaneous_duplicate,false,false,false,false
925673733678297,MySivi - Best English Speaking App,2,2,2026-04-25,2026-04-26,1,relaunch,false,false,false,false
931622252814916,MySivi - Best English Speaking App,2,1,2026-04-03,2026-04-03,,simultaneous_duplicate,false,false,false,false
933849582812762,MySivi - Best English Speaking App,2,1,2026-05-18,2026-05-18,,simultaneous_duplicate,false,false,false,false
934221722543718,MySivi Spoken English App,2,1,2026-05-11,2026-05-11,,simultaneous_duplicate,false,false,false,false
934416192418998,MySivi - Best English Speaking App,2,1,2026-03-05,2026-03-05,,simultaneous_duplicate,false,false,false,false
936224196120689,MySivi,2,1,2026-05-04,2026-05-04,,simultaneous_duplicate,false,false,false,false
939913685696213,MySivi,2,1,2026-05-23,2026-05-23,,simultaneous_duplicate,false,false,false,false
942633635178774,MySivi Spoken English App,2,1,2026-05-20,2026-05-20,,simultaneous_duplicate,false,false,false,false
943159985433635,MySivi Spoken English App,2,1,2026-03-25,2026-03-25,,simultaneous_duplicate,false,false,false,false
944621461452164,MySivi - Best English Speaking App,2,2,2026-03-28,2026-05-28,61,relaunch,false,false,false,false
945070185072288,MySivi - AI English speaking App,2,1,2026-05-08,2026-05-08,,simultaneous_duplicate,false,false,false,false
946578058140761,MySivi - AI English speaking App,2,1,2026-05-11,2026-05-11,,simultaneous_duplicate,false,false,false,false
947073054868139,MySivi - AI English speaking App,2,1,2026-05-08,2026-05-08,,simultaneous_duplicate,false,false,false,false
948102247969480,MySivi Spoken English App,2,1,2026-05-13,2026-05-13,,simultaneous_duplicate,false,false,false,false
948655514510811,MySivi,2,1,2026-03-10,2026-03-10,,simultaneous_duplicate,false,false,false,false
948714514431596,MySivi - Best English Speaking App,2,1,2026-04-25,2026-04-25,,simultaneous_duplicate,false,false,false,false
949263154633774,MySivi Spoken English App,2,1,2026-05-01,2026-05-01,,simultaneous_duplicate,false,false,false,false
949864101142646,MySivi,2,1,2026-05-10,2026-05-10,,simultaneous_duplicate,false,false,false,false
950800311063469,MySivi - Best English Speaking App,2,1,2026-05-12,2026-05-12,,simultaneous_duplicate,false,false,false,false
954347117164133,MySivi,2,2,2026-03-17,2026-03-18,1,relaunch,false,false,false,false
954621050709416,MySivi - Best English Speaking App,2,1,2026-05-27,2026-05-27,,simultaneous_duplicate,false,false,false,false
960244010133429,MySivi - Best English Speaking App,2,1,2026-05-02,2026-05-02,,simultaneous_duplicate,false,false,false,false
960381926780829,MySivi - AI English speaking App,2,1,2026-05-13,2026-05-13,,simultaneous_duplicate,false,false,false,false
960956759748865,MySivi Spoken English App,2,1,2026-04-20,2026-04-20,,simultaneous_duplicate,false,false,false,false
961031936723602,MySivi Spoken English App,2,1,2026-04-08,2026-04-08,,simultaneous_duplicate,false,false,false,false
961036996847414,MySivi - AI English speaking App,2,1,2026-05-23,2026-05-23,,simultaneous_duplicate,false,false,false,false
962640563254667,MySivi App,2,1,2026-06-04,2026-06-04,,simultaneous_duplicate,false,false,false,false
963998116611419,MySivi - AI English speaking App,2,1,2026-05-23,2026-05-23,,simultaneous_duplicate,false,false,false,false
966684345790577,MySivi - Best English Speaking App,2,2,2026-03-29,2026-05-27,59,relaunch,false,false,false,false
966883769424056,MySivi - Best English Speaking App,2,2,2026-05-08,2026-05-27,19,relaunch,false,false,false,false
971282695488880,MySivi Spoken English App,2,1,2026-03-25,2026-03-25,,simultaneous_duplicate,false,false,false,false
972740062202300,MySivi - Best English Speaking App,2,2,2026-04-15,2026-05-28,43,relaunch,false,false,false,false
982746181255847,MySivi Spoken English App,2,1,2026-05-13,2026-05-13,,simultaneous_duplicate,false,false,false,false
985576927210131,MySivi Spoken English App,2,1,2026-03-15,2026-03-15,,simultaneous_duplicate,false,false,false,false
986710711203181,MySivi - AI English speaking App,2,1,2026-04-10,2026-04-10,,simultaneous_duplicate,false,false,false,false
990313726753595,MySivi - AI English speaking App,2,1,2026-04-02,2026-04-02,,simultaneous_duplicate,false,false,false,false
992457370127075,MySivi - AI English speaking App,2,1,2026-05-07,2026-05-07,,simultaneous_duplicate,false,false,false,false
993375999725505,MySivi - AI English speaking App,2,1,2026-05-23,2026-05-23,,simultaneous_duplicate,false,false,false,false
996773916259061,MySivi - Best English Speaking App,2,1,2026-05-14,2026-05-14,,simultaneous_duplicate,false,false,false,false
