ad_id,language_copy,language_audio,agreement_status,is_codeswitch
1000021972451745,Telugu,Telugu,agree,false
1000169915758853,Malayalam,Malayalam,agree,false
1000224085729870,English,Hindi,disagree,true
1000699919023827,English,Hindi,disagree,true
1000700585621663,Bengali,Bengali,agree,false
1000886632936275,Tamil,Tamil,agree,false
1000945729537948,Tamil,Tamil,agree,false
1001044492454350,Malayalam,Malayalam,agree,false
1001059995777573,Bengali,Bengali,agree,false
1001496475609120,Malayalam,Malayalam,agree,false
1001707738963676,Bengali,Bengali,agree,false
1001757512318941,Bengali,Bengali,agree,false
1001906345650383,Tamil,Tamil,agree,false
1001920132811784,English,Hindi,disagree,true
1002353409457732,Telugu,Telugu,agree,false
1003248342235659,English,Hindi,disagree,true
1003719535314984,English,Hindi,disagree,true
1004438218941464,Tamil,Tamil,agree,false
1004638178631775,Gujarati,Gujarati,agree,false
1004651578734246,Kannada,Kannada,agree,false
1004657832250578,Marathi,Marathi,agree,false
1005003175356379,English,Hindi,disagree,true
1006339081731432,Kannada,Kannada,agree,false
1006527541916464,Telugu,Telugu,agree,false
1007429928523695,English,Hindi,disagree,true
1007842078762414,Tamil,Tamil,agree,false
1007859061967446,Marathi,Marathi,agree,false
1008106691639361,English,Hindi,disagree,true
1008231658224617,Marathi,Marathi,agree,false
1008328898373593,Marathi,Marathi,agree,false
1009047662075206,Tamil,Tamil,agree,false
1009126704917577,Tamil,Tamil,agree,false
1009692828663783,English,Hindi,disagree,true
1010624641345110,Telugu,Telugu,agree,false
1011599144785131,Kannada,Kannada,agree,false
1011678297893214,Gujarati,Gujarati,agree,false
1011849414860904,Marathi,Marathi,agree,false
1011854077861728,Tamil,Tamil,agree,false
1012224571313537,Kannada,Kannada,agree,false
1012816707855134,Kannada,Kannada,agree,false
1013031401115448,Kannada,Kannada,agree,false
1013088271281877,Telugu,Telugu,agree,false
1013466967686150,Marathi,Marathi,agree,false
1013854707885207,Kannada,Kannada,agree,false
1014042748128782,Kannada,Kannada,agree,false
1014733037553692,Malayalam,Malayalam,agree,false
1014801664308233,Telugu,Telugu,agree,false
1015363504486020,English,Hindi,disagree,true
1015907504329532,English,Hindi,disagree,true
1015949454132376,English,Hindi,disagree,true
1016776607368962,Kannada,Kannada,agree,false
1017943474524070,Bengali,Bengali,agree,false
1018784857139748,Gujarati,Gujarati,agree,false
1018987467129308,Tamil,Tamil,agree,false
1019095820441633,Tamil,Tamil,agree,false
1022336593482318,Bengali,Bengali,agree,false
1022434796890840,Kannada,Kannada,agree,false
1022586203666228,Marathi,Marathi,agree,false
1023230697042440,Tamil,Tamil,agree,false
1023669149983656,Kannada,Kannada,agree,false
1025418433476462,Telugu,Telugu,agree,false
1025823893719739,Marathi,Marathi,agree,false
1026794740313685,Telugu,Telugu,agree,false
1030563102970448,Tamil,Tamil,agree,false
1030675609297107,Telugu,Telugu,agree,false
1033265965736570,Telugu,Telugu,agree,false
1034041895626221,English,Hindi,disagree,true
1034306395923315,Marathi,Marathi,agree,false
1034486135715678,Tamil,Tamil,agree,false
1035109305515805,Telugu,Telugu,agree,false
1036584785402285,Tamil,Tamil,agree,false
1036636192124153,Tamil,Tamil,agree,false
1037406932183506,English,Hindi,disagree,true
1037629698588306,English,Hindi,disagree,true
1037814022250953,English,Hindi,disagree,true
1039905945883728,Tamil,Tamil,agree,false
1041331531793186,Kannada,Kannada,agree,false
1044099954803974,Telugu,Telugu,agree,false
1057132903335321,Telugu,Telugu,agree,false
1061382179740833,Marathi,Marathi,agree,false
1061561487050658,English,Hindi,disagree,true
1063692802211225,English,English,agree,false
1066138226590208,Telugu,Telugu,agree,false
1066340023015133,Tamil,Tamil,agree,false
1071218332745359,Telugu,Telugu,agree,false
1087417490926752,Kannada,Kannada,agree,false
1087463254453365,Gujarati,Gujarati,agree,false
1115265437463707,Marathi,Marathi,agree,false
1124450573189262,Telugu,Telugu,agree,false
1126137613014416,Tamil,Tamil,agree,false
1129305642655282,Marathi,Marathi,agree,false
1131534372517442,English,Hindi,disagree,true
1136463338572869,Tamil,Tamil,agree,false
1140292949160917,English,Hindi,disagree,true
1142897134628752,Tamil,Tamil,agree,false
1146573297659532,Gujarati,Gujarati,agree,false
1147796740835407,Telugu,Telugu,agree,false
1148084247404233,English,Hindi,disagree,true
1151663514688025,Tamil,Tamil,agree,false
1153603026847697,Telugu,Gujarati,disagree,true
1155999686642393,Bengali,Bengali,agree,false
1160876739397413,Marathi,Marathi,agree,false
1164966265742950,Telugu,Telugu,agree,false
1169582301967723,English,Hindi,disagree,true
1171865195999146,English,Hindi,disagree,true
1172585451672422,Tamil,Tamil,agree,false
1176164031259480,Marathi,Marathi,agree,false
1180867061766442,Tamil,Tamil,agree,false
1185388110264484,Tamil,Tamil,agree,false
1188908510963474,Malayalam,Malayalam,agree,false
1195821235715911,Bengali,Bengali,agree,false
1197447455800650,Marathi,Marathi,agree,false
1203928548386984,Marathi,Marathi,agree,false
1204258391720574,Gujarati,Gujarati,agree,false
1206186428392911,Malayalam,Malayalam,agree,false
1212127940752948,English,Hindi,disagree,true
1212260880908199,Kannada,Kannada,agree,false
1213229874075179,Gujarati,Gujarati,agree,false
1213393680793399,Telugu,Telugu,agree,false
1216705487077132,Kannada,Kannada,agree,false
1217240273745791,Tamil,Tamil,agree,false
1218021356745535,English,English,agree,false
1219340386634401,English,Hindi,disagree,true
1221948466595673,Tamil,Tamil,agree,false
1223535143082969,English,Hindi,disagree,true
1224292176310292,Telugu,Telugu,agree,false
1224918086193675,Malayalam,Malayalam,agree,false
1227122602738586,Malayalam,Malayalam,agree,false
1227219209350106,Gujarati,Gujarati,agree,false
1228215292748737,English,English,agree,false
1229112135812363,Tamil,Tamil,agree,false
1229290809234566,Bengali,Bengali,agree,false
1232331902298821,English,Hindi,disagree,true
1233755815585440,Tamil,Tamil,agree,false
1234361632112514,Gujarati,Gujarati,agree,false
1234736965404166,Kannada,Kannada,agree,false
1236548948187901,English,Hindi,disagree,true
1236764688618209,Telugu,Telugu,agree,false
1237252241877883,Tamil,Tamil,agree,false
1241079728219299,English,Hindi,disagree,true
1241566174149176,Bengali,Bengali,agree,false
1242366044736854,English,Hindi,disagree,true
1242429531197028,Bengali,Bengali,agree,false
1242823861048522,Marathi,Marathi,agree,false
1242981157906827,Marathi,Marathi,agree,false
1244249980815352,Gujarati,Gujarati,agree,false
1249160150446166,English,Hindi,disagree,true
1249174010524007,Malayalam,Malayalam,agree,false
1249379997383205,English,Hindi,disagree,true
1251362460515133,Telugu,Telugu,agree,false
1251420677073716,Malayalam,Malayalam,agree,false
1254804086634998,Gujarati,Gujarati,agree,false
1255589999874347,Marathi,Marathi,agree,false
1255624560024896,Telugu,Telugu,agree,false
1256964593083627,Gujarati,Gujarati,agree,false
1257639629903436,Marathi,Marathi,agree,false
1257723099480067,Kannada,Kannada,agree,false
1257810376436956,Tamil,Tamil,agree,false
1259351176158549,Tamil,Tamil,agree,false
1259506026253863,Gujarati,Gujarati,agree,false
1259568146280651,Malayalam,Malayalam,agree,false
1260189796267400,Marathi,Marathi,agree,false
1261771975661596,English,English,agree,false
1262752772689545,Malayalam,Malayalam,agree,false
1263262909291174,Malayalam,Malayalam,agree,false
1263491662355958,Kannada,Kannada,agree,false
1264519888531888,Telugu,Telugu,agree,false
1265701665062256,Marathi,Marathi,agree,false
1266779002205775,English,Hindi,disagree,true
1267449912124220,Telugu,Telugu,agree,false
1267559591988783,Malayalam,Malayalam,agree,false
1268071498810975,Gujarati,Gujarati,agree,false
1268336871323861,English,English,agree,false
1268633278781006,Gujarati,Gujarati,agree,false
1269854692007881,Marathi,Marathi,agree,false
1270519995162704,Tamil,Tamil,agree,false
1270525948569198,Telugu,Telugu,agree,false
1270866117980436,English,Hindi,disagree,true
1271807964925842,English,Hindi,disagree,true
1272952361273336,Tamil,Tamil,agree,false
1274548481445067,English,Hindi,disagree,true
1274740634160526,Gujarati,Gujarati,agree,false
1275559221331262,Gujarati,Gujarati,agree,false
1275667777964478,Gujarati,Gujarati,agree,false
1276073134738825,English,Hindi,disagree,true
1276393614386637,Kannada,Kannada,agree,false
1276672411312388,Telugu,Telugu,agree,false
1278151670430640,Gujarati,Gujarati,agree,false
1278191154031620,Tamil,Tamil,agree,false
1278317400866683,English,Hindi,disagree,true
1278473014229905,Malayalam,Malayalam,agree,false
1278792650523442,Marathi,Marathi,agree,false
1279149687664468,Telugu,Telugu,agree,false
1279713767692486,Malayalam,Malayalam,agree,false
1280146903794468,Bengali,Bengali,agree,false
1280510130862115,Telugu,Telugu,agree,false
1280568334271585,Tamil,Tamil,agree,false
1281378333413448,English,English,agree,false
1281842880587780,Gujarati,Gujarati,agree,false
1282839540710742,Marathi,Marathi,agree,false
1284301350495944,Gujarati,Gujarati,agree,false
1284743680391630,English,Hindi,disagree,true
1285279843766771,Tamil,Tamil,agree,false
1285376607017338,Marathi,Marathi,agree,false
1285831290406325,Kannada,Kannada,agree,false
1285990649669186,English,Hindi,disagree,true
1286000256930884,English,Hindi,disagree,true
1286562256396800,Marathi,Marathi,agree,false
1286729530256052,English,Hindi,disagree,true
1287468993306146,Malayalam,Malayalam,agree,false
1287526666918581,English,Hindi,disagree,true
1287652570233234,Marathi,Marathi,agree,false
1287804709503036,Marathi,Marathi,agree,false
1287865029978714,Gujarati,Gujarati,agree,false
1288101293503202,Malayalam,Malayalam,agree,false
1288767583323452,Tamil,Tamil,agree,false
1288945649476800,Tamil,Tamil,agree,false
1289311326649348,Tamil,Tamil,agree,false
1289366703285101,Kannada,Kannada,agree,false
1290413195771674,Marathi,Marathi,agree,false
1291230196517358,Kannada,Kannada,agree,false
1292326936145402,English,Hindi,disagree,true
1292619755641005,Gujarati,Gujarati,agree,false
1293320999431833,Malayalam,Malayalam,agree,false
1293430818987867,English,Hindi,disagree,true
1293550505557455,Marathi,Marathi,agree,false
1293666709499380,Marathi,Marathi,agree,false
1294674038888116,Telugu,Telugu,agree,false
1294872372199763,Marathi,Marathi,agree,false
1295050182727826,Gujarati,Gujarati,agree,false
1295814982684644,Marathi,Marathi,agree,false
1296064569362246,Marathi,Marathi,agree,false
1296087632102451,Bengali,Bengali,agree,false
1296584732668823,English,Telugu,disagree,true
1297225115212417,Telugu,Telugu,agree,false
1298245581656069,English,Hindi,disagree,true
1298382092497834,Tamil,Tamil,agree,false
1298742838453102,Gujarati,Gujarati,agree,false
1299553298337156,Telugu,Telugu,agree,false
1300014528301734,Bengali,Bengali,agree,false
1300050945064302,Telugu,Telugu,agree,false
1300255132287922,English,Telugu,disagree,true
1300722798918053,Telugu,Telugu,agree,false
1301191668579559,English,Hindi,disagree,true
1301407418240081,Tamil,Tamil,agree,false
1302328652024705,Malayalam,Malayalam,agree,false
1302756378351352,Kannada,Kannada,agree,false
1302863798631451,Kannada,Kannada,agree,false
1302923527948389,Telugu,Telugu,agree,false
1303786048023058,Kannada,Kannada,agree,false
1305301490970231,Malayalam,Malayalam,agree,false
1305419434597035,English,Hindi,disagree,true
1305924191718003,Kannada,Kannada,agree,false
1306231228368803,Tamil,Tamil,agree,false
1306358368312161,Kannada,Kannada,agree,false
1306524454766929,English,Hindi,disagree,true
1307444947667286,Tamil,Tamil,agree,false
1307503301440658,English,English,agree,false
1307849048060522,English,Hindi,disagree,true
1307996761535426,Tamil,Tamil,agree,false
1308990824214902,Marathi,Marathi,agree,false
1309060790707208,Kannada,Kannada,agree,false
1309732577713094,Malayalam,Malayalam,agree,false
1309794577224111,Bengali,Bengali,agree,false
1310199464304855,Tamil,Tamil,agree,false
1310442251212671,Tamil,Tamil,agree,false
1310942920479367,Tamil,Tamil,agree,false
1311353980866748,Marathi,Marathi,agree,false
1311513633640795,Telugu,Telugu,agree,false
1311608444365772,Marathi,Marathi,agree,false
1311776783725351,Marathi,Marathi,agree,false
1312273210331672,Tamil,Tamil,agree,false
1312319890964004,Tamil,Tamil,agree,false
1313251437526813,Marathi,Marathi,agree,false
1313928680696805,English,Hindi,disagree,true
1314122850567353,Malayalam,Malayalam,agree,false
1314307757419045,English,English,agree,false
1314430623997985,Telugu,Telugu,agree,false
1314557267227715,Bengali,Bengali,agree,false
1315278853860233,Malayalam,Malayalam,agree,false
1315308839934589,Tamil,Tamil,agree,false
1316236780725834,Tamil,Tamil,agree,false
1316271846669677,Tamil,Tamil,agree,false
1316309580688725,Tamil,Tamil,agree,false
1316314037066625,Marathi,Marathi,agree,false
1317399247037470,Telugu,Telugu,agree,false
1317716303542292,Tamil,Tamil,agree,false
1318121753627923,English,Hindi,disagree,true
1318147317052647,Tamil,Tamil,agree,false
1318281880450717,Gujarati,Gujarati,agree,false
1318480437075234,Bengali,Bengali,agree,false
1320392123333597,Telugu,Telugu,agree,false
1320611019512097,Malayalam,Malayalam,agree,false
1322579466521965,Tamil,Tamil,agree,false
1322744639755965,Telugu,Telugu,agree,false
1324308712904279,Gujarati,Gujarati,agree,false
1324994226219659,Malayalam,Malayalam,agree,false
1325752129390385,Malayalam,Malayalam,agree,false
1325799632693917,English,Hindi,disagree,true
1325949222966537,Kannada,Kannada,agree,false
1326096859611351,English,English,agree,false
1326732156052418,English,Hindi,disagree,true
1326779202838738,Telugu,Telugu,agree,false
1327267376206202,Marathi,Marathi,agree,false
1327750302736660,Tamil,Tamil,agree,false
1328300965840646,English,Hindi,disagree,true
1328346785805810,Marathi,Marathi,agree,false
1328959226036759,Marathi,Marathi,agree,false
1329958215899466,Marathi,Marathi,agree,false
1330545398994372,Gujarati,Gujarati,agree,false
1331012325538734,Gujarati,Gujarati,agree,false
1331245188939998,Tamil,Tamil,agree,false
1331481325833376,English,Hindi,disagree,true
1331606945546433,Malayalam,Malayalam,agree,false
1333116955395722,Marathi,Marathi,agree,false
1333646135343537,Marathi,Marathi,agree,false
1333689152005636,English,Hindi,disagree,true
1333829674989627,Bengali,Bengali,agree,false
1333942925270111,Marathi,Marathi,agree,false
1334043231976836,Marathi,Marathi,agree,false
1334520321876231,Gujarati,Gujarati,agree,false
1334889925416629,Kannada,Kannada,agree,false
1335172875137272,Telugu,Telugu,agree,false
1336551831707497,English,Hindi,disagree,true
1337846945211681,Telugu,Telugu,agree,false
1338305161448886,Bengali,Bengali,agree,false
1339833164866055,Bengali,Bengali,agree,false
1343141777630823,Marathi,Marathi,agree,false
1343618321028277,Telugu,Telugu,agree,false
1343882707556162,Kannada,Kannada,agree,false
1344878170866731,Kannada,Kannada,agree,false
1345343977409186,Telugu,Telugu,agree,false
1346433270765484,Tamil,Tamil,agree,false
1347488020552162,Telugu,Telugu,agree,false
1347913483864622,Tamil,Tamil,agree,false
1348652633751025,Kannada,Kannada,agree,false
1349413790381614,English,Hindi,disagree,true
1349705593717687,Bengali,Bengali,agree,false
1350633686991222,English,Hindi,disagree,true
1352174446780972,Marathi,Marathi,agree,false
1352427616717956,Bengali,Bengali,agree,false
1353065573407452,Tamil,Tamil,agree,false
1353268443528401,Kannada,Kannada,agree,false
1353281539974463,Telugu,Telugu,agree,false
1355392709825401,Kannada,Kannada,agree,false
1355879426392568,Kannada,Kannada,agree,false
1356426436337931,Marathi,Marathi,agree,false
1356834662539667,Malayalam,Malayalam,agree,false
1357559996224113,Tamil,Tamil,agree,false
1357892296202438,English,Hindi,disagree,true
1359225819350762,Marathi,Marathi,agree,false
1359578639392264,Telugu,Telugu,agree,false
1359841639365969,Kannada,Kannada,agree,false
1360759119207161,Gujarati,Gujarati,agree,false
1362725889021539,Marathi,Marathi,agree,false
1364006092255413,English,Hindi,disagree,true
1365096822098347,Marathi,Marathi,agree,false
1365711322054968,Tamil,Tamil,agree,false
1367247608771937,Telugu,Telugu,agree,false
1370366274946670,Marathi,Marathi,agree,false
1370650128429240,Telugu,Telugu,agree,false
1370900101752444,English,Hindi,disagree,true
1370927334845390,Marathi,Marathi,agree,false
1371368328372305,Malayalam,Malayalam,agree,false
1376007294580877,English,Hindi,disagree,true
1377415020913215,Kannada,Kannada,agree,false
1377971844172092,Tamil,Tamil,agree,false
1384270370430134,English,Hindi,disagree,true
1384519936752533,English,English,agree,false
1387004289863130,Marathi,Marathi,agree,false
1390079446488488,Tamil,Tamil,agree,false
1390131569055238,English,Hindi,disagree,true
1390725829744328,English,Hindi,disagree,true
1392451052712863,Kannada,Kannada,agree,false
1395624818998219,Bengali,Bengali,agree,false
1395803742440561,Marathi,Marathi,agree,false
1397004718903036,Gujarati,Gujarati,agree,false
1400742708539520,English,Hindi,disagree,true
1401902647937495,Telugu,Telugu,agree,false
1403248248278464,Tamil,Tamil,agree,false
1405230281623570,Bengali,Bengali,agree,false
1407967170401357,English,Hindi,disagree,true
1419201076128864,Tamil,Tamil,agree,false
1419600269364944,Telugu,Telugu,agree,false
1420603876749885,Marathi,Marathi,agree,false
1420757516152319,English,Hindi,disagree,true
1421549569742524,English,Hindi,disagree,true
1422277683247820,English,Hindi,disagree,true
1426019572856130,Kannada,Kannada,agree,false
1426709108679011,Tamil,Tamil,agree,false
1427122046102047,Malayalam,Malayalam,agree,false
1428151732403427,Bengali,Bengali,agree,false
1428594649033873,Malayalam,Malayalam,agree,false
1429230722184560,English,Hindi,disagree,true
1431473318131548,Malayalam,Malayalam,agree,false
1432470592246085,Marathi,Marathi,agree,false
1433159625277891,English,Hindi,disagree,true
1433332981385605,Kannada,Kannada,agree,false
1433463448462695,English,Hindi,disagree,true
1435007378435198,Telugu,Telugu,agree,false
1435417828331595,Telugu,Telugu,agree,false
1435881974870948,Tamil,Tamil,agree,false
1437151928100779,Tamil,Tamil,agree,false
1437836428042957,English,Hindi,disagree,true
1441789124160984,English,Hindi,disagree,true
1441837924379258,English,Hindi,disagree,true
1442021773677303,Gujarati,Gujarati,agree,false
1446616440491217,Telugu,Telugu,agree,false
1447310469919244,Telugu,Telugu,agree,false
1447730720180243,Marathi,Marathi,agree,false
1448851236921412,English,Hindi,disagree,true
1449479493347015,Tamil,Tamil,agree,false
1449797707082254,Tamil,Tamil,agree,false
1450953927076228,English,Hindi,disagree,true
1451238069802927,Bengali,Bengali,agree,false
1451670662800433,Marathi,Marathi,agree,false
1452493899608866,Malayalam,Malayalam,agree,false
1454778745778342,Marathi,Marathi,agree,false
1455142066295736,Malayalam,Malayalam,agree,false
1455352729720949,Marathi,Marathi,agree,false
1455378906628645,English,Hindi,disagree,true
1455494769217666,Malayalam,Malayalam,agree,false
1456203896191010,English,Hindi,disagree,true
1456489775973937,Tamil,Tamil,agree,false
1457288369432786,Malayalam,Malayalam,agree,false
1457538572341789,Malayalam,Malayalam,agree,false
1458281322361409,English,Hindi,disagree,true
1458297728810742,Gujarati,Gujarati,agree,false
1458602939352865,Marathi,Marathi,agree,false
1458753742284301,English,Hindi,disagree,true
1459186306004468,Telugu,Telugu,agree,false
1460349038674065,Marathi,Marathi,agree,false
1461158331820946,English,Hindi,disagree,true
1461215278536774,Telugu,Telugu,agree,false
1462266312313546,Tamil,Tamil,agree,false
1462325405530541,English,Hindi,disagree,true
1462388985537185,Tamil,Tamil,agree,false
1462832258740074,Telugu,Telugu,agree,false
1463268341677786,Tamil,Tamil,agree,false
1463703209122858,Tamil,Tamil,agree,false
1463906051777866,Kannada,Kannada,agree,false
1464022011851944,English,Hindi,disagree,true
1464052005475525,Marathi,Marathi,agree,false
1464075105326463,Bengali,Bengali,agree,false
1464612034684616,Bengali,Bengali,agree,false
1464662801454982,Telugu,Telugu,agree,false
1465320305236974,English,Hindi,disagree,true
1465353234806275,Gujarati,Gujarati,agree,false
1465573407768187,Bengali,Bengali,agree,false
1465693778484060,Tamil,Tamil,agree,false
1466038664677722,Telugu,Telugu,agree,false
1466073121784359,Malayalam,Malayalam,agree,false
1466430171199966,Kannada,Kannada,agree,false
1466438068588297,Marathi,Marathi,agree,false
1466740917939266,Telugu,Telugu,agree,false
1466842838079048,English,Hindi,disagree,true
1467014958458046,English,Hindi,disagree,true
1467122958239207,Telugu,Telugu,agree,false
1467304325131224,Gujarati,Gujarati,agree,false
1469654061103002,Kannada,Kannada,agree,false
1470635231402391,Bengali,Bengali,agree,false
1470843210799466,Kannada,Kannada,agree,false
1471243361454315,Telugu,Telugu,agree,false
1471379488011997,Marathi,Marathi,agree,false
1471962381341513,Tamil,Tamil,agree,false
1472728870657417,Kannada,Kannada,agree,false
1472857190875267,Malayalam,Malayalam,agree,false
1473041047655931,Telugu,Telugu,agree,false
1473242320615654,Tamil,Tamil,agree,false
1474458497230488,Marathi,Marathi,agree,false
1475985547091281,Tamil,Tamil,agree,false
1476070434166479,Gujarati,Gujarati,agree,false
1477266293525820,Bengali,Bengali,agree,false
1477533853844045,Kannada,Kannada,agree,false
1478141534102605,English,English,agree,false
1478416939939741,Bengali,Bengali,agree,false
1478654923647189,Telugu,Telugu,agree,false
1478931053614763,Malayalam,Malayalam,agree,false
1479084277297129,English,English,agree,false
1479164583678882,Telugu,Telugu,agree,false
1481353283633101,Marathi,Marathi,agree,false
1481447600050949,English,Hindi,disagree,true
1481710299952338,English,Hindi,disagree,true
1481711833647092,Gujarati,Gujarati,agree,false
1481880370348464,English,Hindi,disagree,true
1481936509872557,English,Hindi,disagree,true
1482275693353748,Bengali,Bengali,agree,false
1482736313641865,Tamil,Tamil,agree,false
1483274040193786,Kannada,Kannada,agree,false
1483474123320143,Gujarati,Gujarati,agree,false
1483495626521470,Marathi,Marathi,agree,false
1484045400015832,Bengali,Bengali,agree,false
1484771760111193,Kannada,Kannada,agree,false
1484875443337231,Gujarati,Gujarati,agree,false
1484981409690710,Marathi,Marathi,agree,false
1485119189949790,English,Hindi,disagree,true
1485718526534550,English,Hindi,disagree,true
1486315572970305,Tamil,Tamil,agree,false
1486511518988909,English,Hindi,disagree,true
1486895715778238,Malayalam,Malayalam,agree,false
1487023816479013,English,Hindi,disagree,true
1487072386145745,English,English,agree,false
1487362129537955,English,Hindi,disagree,true
1487480122759476,English,Hindi,disagree,true
1487582089569840,Telugu,Telugu,agree,false
1487853392436697,Telugu,Telugu,agree,false
1488073576103618,Gujarati,Gujarati,agree,false
1488089789765921,English,Hindi,disagree,true
1488277815957869,Telugu,Telugu,agree,false
1488525479334576,Telugu,Telugu,agree,false
1488914539399319,Telugu,Telugu,agree,false
1489480965907714,Gujarati,Gujarati,agree,false
1489528902711053,Telugu,Telugu,agree,false
1489698239617285,Telugu,Telugu,agree,false
1490811412668874,English,Hindi,disagree,true
1491104619093475,Gujarati,Gujarati,agree,false
1491322362783599,Gujarati,Gujarati,agree,false
1492236602640876,Tamil,Tamil,agree,false
1492746895696930,Tamil,Tamil,agree,false
1493169602282638,Telugu,Telugu,agree,false
1493468135853086,Telugu,Telugu,agree,false
1493763522185565,Malayalam,Malayalam,agree,false
1494109405462807,Marathi,Marathi,agree,false
1495057108934221,Marathi,Marathi,agree,false
1495070945529416,Marathi,Marathi,agree,false
1495407728856561,Bengali,Bengali,agree,false
1495472408716092,Tamil,Tamil,agree,false
1496114285478679,Marathi,Marathi,agree,false
1496480095586708,Tamil,Tamil,agree,false
1496611822156872,Gujarati,Gujarati,agree,false
1497075785250883,Kannada,Kannada,agree,false
1497560987900464,Malayalam,Malayalam,agree,false
1497741681853834,Telugu,Telugu,agree,false
1498164595276790,Gujarati,Gujarati,agree,false
1498882485354087,Tamil,Tamil,agree,false
1499237924705868,Kannada,Kannada,agree,false
1499961814988586,English,Hindi,disagree,true
1500069821493677,Marathi,Marathi,agree,false
1500146871561558,Telugu,Telugu,agree,false
1500392072102714,Telugu,Telugu,agree,false
1500426661589445,English,Hindi,disagree,true
1500440954766383,Tamil,Tamil,agree,false
1500516918382773,Telugu,Telugu,agree,false
1500805688153912,Marathi,Marathi,agree,false
1501933281301258,English,Hindi,disagree,true
1502750718528352,Kannada,Kannada,agree,false
1503072351399232,Telugu,Telugu,agree,false
1503317931521366,English,Hindi,disagree,true
1504897837819150,Marathi,Marathi,agree,false
1505238367859240,Marathi,Marathi,agree,false
1505253420458938,English,,copy_only,false
1505587977729241,Kannada,Kannada,agree,false
1505673714266930,Marathi,Marathi,agree,false
1505743891180697,Bengali,Bengali,agree,false
1505891424660108,Tamil,Tamil,agree,false
1506409264305894,Kannada,Kannada,agree,false
1506466884530800,Gujarati,Gujarati,agree,false
1506619871166049,Marathi,Marathi,agree,false
1506622564414295,Marathi,Marathi,agree,false
1506950921002125,English,Hindi,disagree,true
1508591900887307,Marathi,Marathi,agree,false
1509398264054775,Tamil,Tamil,agree,false
1509492873884162,Marathi,Marathi,agree,false
1509591393863692,Marathi,Marathi,agree,false
1510029493813221,Kannada,Kannada,agree,false
1510521857442967,Telugu,Telugu,agree,false
1510761807190895,Marathi,Marathi,agree,false
1511239463793904,Tamil,Tamil,agree,false
1511421143660267,Marathi,Marathi,agree,false
1511504937368732,Gujarati,Gujarati,agree,false
1513317316827089,English,Hindi,disagree,true
1514363137003205,Telugu,Telugu,agree,false
1514417556866116,Gujarati,Gujarati,agree,false
1515067203533260,Telugu,Telugu,agree,false
1516027933547951,Tamil,Tamil,agree,false
1517658706674605,Telugu,Telugu,agree,false
1518609409895801,English,Hindi,disagree,true
1519183813092055,Tamil,Tamil,agree,false
1519407696310883,Tamil,Tamil,agree,false
1519955099838378,Malayalam,Malayalam,agree,false
1520336123110661,Marathi,Marathi,agree,false
1520431749655532,Telugu,Telugu,agree,false
1521260382932826,English,Hindi,disagree,true
1521686099968292,Kannada,Kannada,agree,false
1523052696135524,Tamil,Tamil,agree,false
1523637609344603,Telugu,Telugu,agree,false
1524329376091352,English,Hindi,disagree,true
1524688152699651,Telugu,Telugu,agree,false
1524706855951660,English,Hindi,disagree,true
1524730945708418,English,Hindi,disagree,true
1526192532480742,Tamil,Tamil,agree,false
1526617879093958,English,Hindi,disagree,true
1528642198598715,Gujarati,Gujarati,agree,false
1528976885507695,English,Hindi,disagree,true
1529031282072857,English,Hindi,disagree,true
1529321882132386,Tamil,Tamil,agree,false
1529591205546777,English,Hindi,disagree,true
1530098145357085,Malayalam,Malayalam,agree,false
1530231268517968,Kannada,Kannada,agree,false
1530439098436504,Kannada,Kannada,agree,false
1531173532000419,Malayalam,Malayalam,agree,false
1532213468692292,Malayalam,Malayalam,agree,false
1532870848513933,English,Hindi,disagree,true
1535372884822703,Telugu,Telugu,agree,false
1536411941329964,Tamil,Tamil,agree,false
1536680921225179,Marathi,Marathi,agree,false
1536715494649558,Tamil,Tamil,agree,false
1536856024770034,English,Hindi,disagree,true
1537221441214812,Tamil,Tamil,agree,false
1537583717704545,Telugu,Telugu,agree,false
1539028177185374,Bengali,Bengali,agree,false
1539307817777791,Telugu,Telugu,agree,false
1539756771201455,Marathi,Marathi,agree,false
1541004774310767,Telugu,Telugu,agree,false
1541902667322346,Telugu,Telugu,agree,false
1543430324019962,English,Hindi,disagree,true
1544277357216388,Tamil,Tamil,agree,false
1544380703870356,English,Hindi,disagree,true
1546738243449603,Bengali,Bengali,agree,false
1547254686967064,Tamil,Tamil,agree,false
1547555903540302,Telugu,Telugu,agree,false
1549310346578195,Telugu,Telugu,agree,false
1549558530222265,Tamil,Tamil,agree,false
1551969199772400,Marathi,Marathi,agree,false
1552891233073638,Tamil,Tamil,agree,false
1553049886391368,Marathi,Marathi,agree,false
1555341046258540,Gujarati,Gujarati,agree,false
1555389392591097,Marathi,Marathi,agree,false
1555850109496354,English,Hindi,disagree,true
1556601025436131,Bengali,Bengali,agree,false
1557981489376910,Telugu,Telugu,agree,false
1558182202492615,Tamil,Tamil,agree,false
1558642682492094,English,Hindi,disagree,true
1559698442249274,Marathi,Marathi,agree,false
1560434122167033,English,Hindi,disagree,true
1561329018844614,Tamil,Tamil,agree,false
1561720772037299,Bengali,Bengali,agree,false
1561773591951150,Telugu,Telugu,agree,false
1561884662029196,Gujarati,Gujarati,agree,false
1563401251429096,Tamil,Tamil,agree,false
1564106068677720,Tamil,Tamil,agree,false
1566066851151129,Tamil,Tamil,agree,false
1566601798458309,Tamil,Tamil,agree,false
1567427324338391,Tamil,Tamil,agree,false
1567766221632447,Kannada,Kannada,agree,false
1567890598025665,Telugu,Telugu,agree,false
1568040264293931,English,English,agree,false
1571501974333983,English,Hindi,disagree,true
1576543196960751,Malayalam,Malayalam,agree,false
1578225453239300,Gujarati,Gujarati,agree,false
1579256663181765,Marathi,Marathi,agree,false
1579612067062961,Telugu,Telugu,agree,false
1580328820382730,Marathi,Marathi,agree,false
1581838189759945,Tamil,Tamil,agree,false
1583933756013633,English,Hindi,disagree,true
1585617636898981,Tamil,Tamil,agree,false
1587377062318723,Tamil,Tamil,agree,false
1588105538932312,Telugu,Telugu,agree,false
1589202742765592,Tamil,Tamil,agree,false
1591761556292288,Marathi,Marathi,agree,false
1592044018737354,Tamil,Tamil,agree,false
1592301229332646,Malayalam,Malayalam,agree,false
1592551325145055,Marathi,Marathi,agree,false
1592647208460957,Marathi,Marathi,agree,false
1593881836073732,English,English,agree,false
1594691094930621,Kannada,Kannada,agree,false
1594922091609640,English,Hindi,disagree,true
1595108178304052,Malayalam,Malayalam,agree,false
1596918468180759,English,Hindi,disagree,true
1598091577944535,Bengali,Bengali,agree,false
1601352417781439,Tamil,Tamil,agree,false
1601587284252288,Gujarati,Gujarati,agree,false
1601951614205367,Bengali,Bengali,agree,false
1603644724186218,Tamil,Tamil,agree,false
1603652110726963,Telugu,Telugu,agree,false
1604451180614858,Marathi,Marathi,agree,false
1604765177255190,Bengali,Bengali,agree,false
1604785474162240,Malayalam,Malayalam,agree,false
1605300637184266,Marathi,Marathi,agree,false
1606083887290831,English,Hindi,disagree,true
1608996323737663,Gujarati,Gujarati,agree,false
1609972700062447,Kannada,Kannada,agree,false
1610994969957745,Marathi,Marathi,agree,false
1612614686503372,English,Hindi,disagree,true
1612701149834888,Tamil,Tamil,agree,false
1613007016632719,Tamil,Tamil,agree,false
1614741389625403,Kannada,Kannada,agree,false
1614783906399545,Tamil,Tamil,agree,false
1615005419579542,English,Hindi,disagree,true
1617673956086851,English,English,agree,false
1618813365848433,Marathi,Marathi,agree,false
1620376385881859,English,Hindi,disagree,true
1620491635933671,Bengali,Bengali,agree,false
1621840732206711,Telugu,Telugu,agree,false
1622316815528717,English,Hindi,disagree,true
1622507415558676,Malayalam,Malayalam,agree,false
1622638588998351,Marathi,Marathi,agree,false
1624171552207010,Marathi,Marathi,agree,false
1624336858626264,Telugu,Telugu,agree,false
1625096595272565,English,Hindi,disagree,true
1625873801849131,English,English,agree,false
1626034001814352,Tamil,Tamil,agree,false
1626121971865132,English,English,agree,false
1628318558372207,Tamil,Tamil,agree,false
1628739848211557,Kannada,Kannada,agree,false
1628742508669950,English,Hindi,disagree,true
1629675654924775,Gujarati,Gujarati,agree,false
1629713591627815,English,English,agree,false
1629766001479851,Malayalam,Malayalam,agree,false
1629788641378720,Tamil,Tamil,agree,false
1629916878227863,English,Hindi,disagree,true
1630939561247763,English,Hindi,disagree,true
1631502014816088,English,Hindi,disagree,true
1632918904659828,Gujarati,Gujarati,agree,false
1633088194638293,Telugu,Telugu,agree,false
1633513357977227,Marathi,Marathi,agree,false
1633858934287065,Tamil,Tamil,agree,false
1634244961233033,Tamil,Tamil,agree,false
1634247687874165,Tamil,Tamil,agree,false
1634596240921014,Kannada,Kannada,agree,false
1634637974461648,Telugu,Telugu,agree,false
1635016610905029,Tamil,Tamil,agree,false
1635446724422738,Kannada,Kannada,agree,false
1636097347513415,English,Hindi,disagree,true
1637090384215796,Telugu,Telugu,agree,false
1637372094227141,Telugu,Telugu,agree,false
1637815324305283,Malayalam,Malayalam,agree,false
1638251300797325,Gujarati,Gujarati,agree,false
1638503980701255,Gujarati,Gujarati,agree,false
1638603650681901,Tamil,Tamil,agree,false
1638639490679571,Malayalam,Malayalam,agree,false
1638685187199143,Marathi,Marathi,agree,false
1638788880692492,Gujarati,Gujarati,agree,false
1640775290563845,Gujarati,Gujarati,agree,false
1640816750526652,English,Hindi,disagree,true
1641221933807538,Kannada,Kannada,agree,false
1642652350197830,Telugu,Telugu,agree,false
1642682883632159,English,Hindi,disagree,true
1643092743565496,Marathi,Marathi,agree,false
1644301336843782,Marathi,Marathi,agree,false
1645212966784073,Tamil,Tamil,agree,false
1645285983333298,Marathi,Marathi,agree,false
1645379259937138,Kannada,Kannada,agree,false
1646539509973802,Tamil,Tamil,agree,false
1646689376349126,Tamil,Tamil,agree,false
1647227479627567,English,Hindi,disagree,true
1648550166387923,Malayalam,Malayalam,agree,false
1648748513083306,Tamil,Tamil,agree,false
1648971856222147,Kannada,Kannada,agree,false
1649114436359491,English,Hindi,disagree,true
1649433082992165,Kannada,Kannada,agree,false
1649622126228565,Malayalam,Malayalam,agree,false
1650055542580076,Gujarati,Gujarati,agree,false
1650079819366116,Marathi,Marathi,agree,false
1650201839616756,Tamil,Tamil,agree,false
1650289427097173,Telugu,Telugu,agree,false
1650698336116329,English,Hindi,disagree,true
1651364626065468,Malayalam,Malayalam,agree,false
1652269289164044,Marathi,Marathi,agree,false
1652373855979847,English,Hindi,disagree,true
1652476355899155,Marathi,Marathi,agree,false
1652974085821089,Marathi,Marathi,agree,false
1653137739166143,Tamil,Tamil,agree,false
1653184542633277,Telugu,Telugu,agree,false
1653210032495777,Malayalam,Malayalam,agree,false
1653266972572375,Tamil,Tamil,agree,false
1653722725817987,Malayalam,Malayalam,agree,false
1654263695604399,English,Hindi,disagree,true
1654655492231126,Tamil,Tamil,agree,false
1655623609191725,Tamil,Tamil,agree,false
1656028475602497,English,Hindi,disagree,true
1656851008918287,English,Hindi,disagree,true
1657056882105372,English,Hindi,disagree,true
1657600135463203,Gujarati,Gujarati,agree,false
1657979605480527,Gujarati,Gujarati,agree,false
1658711432116969,Kannada,Kannada,agree,false
1659068365351673,Bengali,Bengali,agree,false
1659230525388915,Telugu,Telugu,agree,false
1660021821919357,Tamil,Tamil,agree,false
1660631924974339,Marathi,Marathi,agree,false
1660703588257619,Malayalam,Malayalam,agree,false
1660858375135743,English,Hindi,disagree,true
1661161988339623,Tamil,Tamil,agree,false
1661688855146161,English,Hindi,disagree,true
1662011885142984,Kannada,Kannada,agree,false
1662665314680083,Telugu,Telugu,agree,false
1665387897930682,Marathi,Marathi,agree,false
1665607881389336,English,Hindi,disagree,true
1665952551144851,Telugu,Telugu,agree,false
1665988394548609,Gujarati,Gujarati,agree,false
1666186587861287,Telugu,Telugu,agree,false
1666367364780907,English,Hindi,disagree,true
1666686724680685,Marathi,Marathi,agree,false
1666736444644442,English,Hindi,disagree,true
1667844751047305,Kannada,Kannada,agree,false
1668182810858464,Gujarati,Gujarati,agree,false
1668250954361069,Malayalam,Malayalam,agree,false
1668487264579198,Gujarati,Gujarati,agree,false
1669002574241061,Bengali,Bengali,agree,false
1669662424053951,Telugu,Telugu,agree,false
1671673823890460,Marathi,Marathi,agree,false
1672392883790170,Tamil,Tamil,agree,false
1673435757132082,Malayalam,Malayalam,agree,false
1673473457313905,English,Hindi,disagree,true
1674027553637979,Gujarati,Gujarati,agree,false
1674406057031821,English,Hindi,disagree,true
1674516020404016,English,Hindi,disagree,true
1675155500460063,Kannada,Kannada,agree,false
1676164730555007,Marathi,Marathi,agree,false
1676742056654769,Gujarati,Gujarati,agree,false
1676825953767096,Telugu,Telugu,agree,false
1677552406571209,Marathi,Marathi,agree,false
1677639010144848,English,Hindi,disagree,true
1678438890143831,Marathi,Marathi,agree,false
1678500320119217,Tamil,Tamil,agree,false
1678816606470135,Bengali,Bengali,agree,false
1679385150149383,Gujarati,Gujarati,agree,false
1679466513497742,Tamil,Tamil,agree,false
1679656313349867,Kannada,Kannada,agree,false
1679783823054856,English,Hindi,disagree,true
1680615213081868,Tamil,Tamil,agree,false
1680723016283648,Marathi,Tamil,disagree,true
1682172103136114,Telugu,Telugu,agree,false
1682634462923678,Tamil,Tamil,agree,false
1683000729728094,Bengali,Bengali,agree,false
1683164669767833,Marathi,Marathi,agree,false
1683232069690419,Telugu,Telugu,agree,false
1683264352685191,English,Hindi,disagree,true
1685365425953446,Marathi,Marathi,agree,false
1685447422464956,English,Hindi,disagree,true
1686679699000031,Marathi,Marathi,agree,false
1687411885636150,Tamil,Tamil,agree,false
1687487609106178,English,Hindi,disagree,true
1688462195504963,Kannada,Kannada,agree,false
1688911125634993,Kannada,Kannada,agree,false
1689041099181537,Tamil,Tamil,agree,false
1689973585509293,Telugu,Telugu,agree,false
1690288165491901,English,Hindi,disagree,true
1690732371937108,Kannada,Kannada,agree,false
1691098845361818,Marathi,Marathi,agree,false
1691307355416551,Telugu,Telugu,agree,false
1691809848507615,Malayalam,Malayalam,agree,false
1692608401755773,Bengali,Bengali,agree,false
1694758394881604,Telugu,Telugu,agree,false
1696014508193655,Marathi,Marathi,agree,false
1698123041376849,Tamil,Tamil,agree,false
1698263594660134,Telugu,Telugu,agree,false
1698470371304291,Marathi,Marathi,agree,false
1699159654789405,Tamil,Tamil,agree,false
1699804464616882,Kannada,Kannada,agree,false
1699912787830703,English,Hindi,disagree,true
1700082744465484,English,Hindi,disagree,true
1700085264501741,Telugu,Telugu,agree,false
1700511944704291,Gujarati,Gujarati,agree,false
1700565688060104,Marathi,Marathi,agree,false
1701116024258615,Kannada,Kannada,agree,false
1701300371040609,English,Hindi,disagree,true
1701651697935230,English,Hindi,disagree,true
1702365984091788,Malayalam,Malayalam,agree,false
1703924783939415,Telugu,Telugu,agree,false
1704435247382664,Kannada,Kannada,agree,false
1706609284023850,Telugu,Telugu,agree,false
1706610454090939,Marathi,Marathi,agree,false
1706914207334653,Telugu,Telugu,agree,false
1708863120542000,English,Hindi,disagree,true
1709243003542256,Bengali,Bengali,agree,false
1710087066843185,Gujarati,Gujarati,agree,false
1711001836720468,Telugu,Telugu,agree,false
1711130029905009,Kannada,Kannada,agree,false
1711345093197080,Tamil,Tamil,agree,false
1714158716684403,Telugu,Telugu,agree,false
1714713006202899,Kannada,Kannada,agree,false
1716391936213329,Tamil,Tamil,agree,false
1716559362664150,Tamil,Tamil,agree,false
1716910039339239,Malayalam,Malayalam,agree,false
1717411569667579,English,Hindi,disagree,true
1719075089266767,Tamil,Tamil,agree,false
1719999308984065,Malayalam,Malayalam,agree,false
1720791165584032,Kannada,Kannada,agree,false
1721412492564117,English,Hindi,disagree,true
1722407235776727,English,Hindi,disagree,true
1722747075991853,Marathi,Marathi,agree,false
1722807232402706,English,Hindi,disagree,true
1724031045284359,Tamil,Tamil,agree,false
1724825138928525,English,Hindi,disagree,true
1724985298506481,Telugu,Telugu,agree,false
1725681045089794,Malayalam,Malayalam,agree,false
1726323228720419,Tamil,Tamil,agree,false
1726412415058913,Marathi,Marathi,agree,false
1726990782004448,Gujarati,Gujarati,agree,false
1727118561628310,Malayalam,Malayalam,agree,false
1727410958267128,Telugu,Telugu,agree,false
1728644134968734,Telugu,Telugu,agree,false
1728653804970842,Tamil,Tamil,agree,false
1728784508257822,Tamil,Tamil,agree,false
1732380821513009,English,Hindi,disagree,true
1735354927606491,Gujarati,Gujarati,agree,false
1737265357272628,English,Hindi,disagree,true
1737564467616497,Malayalam,Malayalam,agree,false
1739199627266969,Telugu,Telugu,agree,false
1742378790261594,Tamil,Tamil,agree,false
1743357160437955,Telugu,Telugu,agree,false
1744180170070541,English,Hindi,disagree,true
1745597086849103,Tamil,Tamil,agree,false
1746108369700883,English,English,agree,false
1746202000123337,Marathi,Marathi,agree,false
1750173749486671,Bengali,Bengali,agree,false
1761280558169447,Marathi,Marathi,agree,false
1764981477809750,Kannada,Kannada,agree,false
1765370368176218,Kannada,Kannada,agree,false
1766235101419950,Kannada,Kannada,agree,false
1766288344813815,Telugu,Telugu,agree,false
1768520967841938,English,Hindi,disagree,true
1770363464324959,English,Hindi,disagree,true
1779473963021054,Tamil,Tamil,agree,false
1784873822495389,Telugu,Telugu,agree,false
1788001398845945,English,Hindi,disagree,true
1796581764649740,Gujarati,Gujarati,agree,false
1798126881352695,Gujarati,Gujarati,agree,false
1801977730789968,Kannada,Kannada,agree,false
1804914553523178,Tamil,Tamil,agree,false
1810831836593995,English,Hindi,disagree,true
1814117549564104,Kannada,Kannada,agree,false
1816186535737116,Malayalam,Malayalam,agree,false
1816838959704190,Bengali,Bengali,agree,false
1821541971857301,Malayalam,Malayalam,agree,false
1824308365205197,English,Hindi,disagree,true
1824375835211023,Bengali,Bengali,agree,false
1829800937707633,Bengali,Bengali,agree,false
1845750346108706,Marathi,Marathi,agree,false
1845837336078860,Telugu,Telugu,agree,false
1851964862087655,English,Hindi,disagree,true
1856949234997201,Marathi,Marathi,agree,false
1856979208332377,Tamil,Tamil,agree,false
1863526424308213,Kannada,Kannada,agree,false
1863640678372921,English,Hindi,disagree,true
1864588170807575,English,Hindi,disagree,true
1866932230635827,Malayalam,Malayalam,agree,false
1868630073705991,Kannada,Kannada,agree,false
1875316373174565,Telugu,Telugu,agree,false
1879038982757913,Tamil,Tamil,agree,false
1879274509358826,English,Hindi,disagree,true
1881421959222715,Gujarati,Gujarati,agree,false
1881823485865170,Marathi,Marathi,agree,false
1883499019704596,Kannada,Kannada,agree,false
1894605654529598,Kannada,Kannada,agree,false
1895734594401619,Tamil,Tamil,agree,false
1897474770928730,Marathi,Marathi,agree,false
1897696050982785,Malayalam,Malayalam,agree,false
1900304170623199,Malayalam,Malayalam,agree,false
1901269943919389,Marathi,Marathi,agree,false
1901820123666387,Gujarati,Gujarati,agree,false
1903321843662651,Marathi,Marathi,agree,false
1904211583591369,Telugu,Telugu,agree,false
1905332703463761,Kannada,Kannada,agree,false
1910431216329797,English,Hindi,disagree,true
1910847972970449,Marathi,Marathi,agree,false
1912867212698568,Malayalam,Malayalam,agree,false
1914012535979632,Malayalam,Malayalam,agree,false
1915691329071893,Bengali,Bengali,agree,false
1916121519108439,Tamil,Tamil,agree,false
1919377688693567,English,Hindi,disagree,true
1919584545595598,Marathi,Marathi,agree,false
1921056165244988,Tamil,Tamil,agree,false
1922541018447999,Malayalam,Malayalam,agree,false
1928379848037642,Malayalam,Malayalam,agree,false
1938545806827209,Tamil,Tamil,agree,false
1942366103150412,Kannada,Kannada,agree,false
1944164302881937,Tamil,Tamil,agree,false
1945990252717139,Telugu,Telugu,agree,false
1946640566031312,Telugu,Telugu,agree,false
1947479269512510,Bengali,Bengali,agree,false
1953601601902513,Malayalam,Malayalam,agree,false
1954231588789188,Telugu,Telugu,agree,false
1958023728913494,Gujarati,Gujarati,agree,false
1959256218044145,English,Hindi,disagree,true
1962373651339452,English,English,agree,false
1962399937815466,English,Hindi,disagree,true
1966896044032369,Malayalam,Malayalam,agree,false
1967730397468922,Gujarati,Gujarati,agree,false
1967935713800436,English,English,agree,false
1972617633340327,Tamil,Tamil,agree,false
1972865810107259,Tamil,Tamil,agree,false
1973062820248049,Kannada,Kannada,agree,false
1974355020143862,Kannada,Kannada,agree,false
1975616730478592,Bengali,Bengali,agree,false
1975915979948979,Bengali,Bengali,agree,false
1976761133717281,Marathi,Marathi,agree,false
1979317382961809,Marathi,Marathi,agree,false
1984284925540252,Malayalam,Malayalam,agree,false
1984310748856010,Telugu,Telugu,agree,false
1984556269094861,Telugu,Telugu,agree,false
1985957042274440,Bengali,Bengali,agree,false
1989753958578690,Marathi,Marathi,agree,false
1989886525288548,Tamil,Tamil,agree,false
1992227425012427,Tamil,Tamil,agree,false
1994247904545818,English,Hindi,disagree,true
1994524164823254,Tamil,Tamil,agree,false
1995592874641198,English,Hindi,disagree,true
1996649315060771,English,Hindi,disagree,true
1999641547298588,English,Hindi,disagree,true
2000356520863551,Malayalam,Malayalam,agree,false
2000629287190400,Gujarati,Gujarati,agree,false
2001299393844156,Telugu,Telugu,agree,false
2001837147872826,Malayalam,Malayalam,agree,false
2003381777282440,Kannada,Kannada,agree,false
2003944776864759,English,Hindi,disagree,true
2005158646795279,English,Hindi,disagree,true
2005749643347608,Tamil,Tamil,agree,false
2006620453275735,Malayalam,Malayalam,agree,false
2008268559798673,Telugu,Telugu,agree,false
2010892052833632,English,Hindi,disagree,true
2012397439485192,Gujarati,Gujarati,agree,false
2012642789330329,Telugu,Telugu,agree,false
2014496799209731,Marathi,Marathi,agree,false
2014918706118228,Marathi,Marathi,agree,false
2014967315771895,Kannada,Kannada,agree,false
2015053139404947,Tamil,Tamil,agree,false
2015938819317138,Marathi,Marathi,agree,false
2016029852643642,Telugu,Telugu,agree,false
2016488485927149,English,Hindi,disagree,true
2017396718820761,English,English,agree,false
2018262128778241,Marathi,Marathi,agree,false
2018970885719105,English,Hindi,disagree,true
2019063905653656,Marathi,Marathi,agree,false
2022432844996505,Tamil,Tamil,agree,false
2024472394773472,Telugu,Telugu,agree,false
2025853124633131,Telugu,Telugu,agree,false
2027401971528085,Gujarati,Gujarati,agree,false
2029738507649525,Bengali,Bengali,agree,false
2029975774624157,Telugu,Telugu,agree,false
2035298957384770,Telugu,Telugu,agree,false
2036534961078679,English,English,agree,false
2037303586855288,Gujarati,Gujarati,agree,false
2042552579944139,Telugu,Gujarati,disagree,true
2046255255930438,Malayalam,Malayalam,agree,false
2046521053414270,Telugu,Telugu,agree,false
2046992506702404,Marathi,Marathi,agree,false
2047450022863820,Telugu,Telugu,agree,false
2048629836075469,Kannada,Kannada,agree,false
2050151385851572,Gujarati,Gujarati,agree,false
2055380618414066,English,Hindi,disagree,true
2055592285000447,English,Hindi,disagree,true
2057001265231638,Kannada,Kannada,agree,false
2057581878159178,Bengali,Bengali,agree,false
2057853838497259,Tamil,Tamil,agree,false
2058708198355990,Tamil,Tamil,agree,false
2060176722044292,Marathi,Marathi,agree,false
2062749137923060,Malayalam,Malayalam,agree,false
2063488454599605,Malayalam,Malayalam,agree,false
2064409367758999,Telugu,Telugu,agree,false
2066489094217287,Marathi,Marathi,agree,false
2067144280501671,Marathi,Marathi,agree,false
2067666377522112,English,Hindi,disagree,true
2068310060707785,Kannada,Kannada,agree,false
2068717307413498,Tamil,Tamil,agree,false
2068967657016909,Marathi,Marathi,agree,false
2069285177340370,Kannada,Kannada,agree,false
2070373570188595,Kannada,Kannada,agree,false
2071595920905981,English,Hindi,disagree,true
2071790433550826,Malayalam,Malayalam,agree,false
2071822720034134,English,Hindi,disagree,true
2074065876709578,Malayalam,Malayalam,agree,false
2075221883346083,Telugu,Telugu,agree,false
2076956256589089,Telugu,Telugu,agree,false
2079704669260233,Telugu,Telugu,agree,false
2081180309106863,Tamil,Tamil,agree,false
2081386736088958,Malayalam,Malayalam,agree,false
2082321505965509,English,Hindi,disagree,true
2085226275390677,Telugu,Telugu,agree,false
2088470005267498,Marathi,Marathi,agree,false
2089858311743087,Malayalam,Malayalam,agree,false
2091651081684278,Tamil,Tamil,agree,false
2091781858050047,Malayalam,Malayalam,agree,false
2092245861321306,Telugu,Telugu,agree,false
2094624967986267,Marathi,Marathi,agree,false
2094961914403268,Marathi,Marathi,agree,false
2098355081092484,English,Hindi,disagree,true
2099275117301825,Tamil,Tamil,agree,false
2100754480710607,Tamil,Tamil,agree,false
2114929652384853,Telugu,Telugu,agree,false
2115044552561363,Kannada,Kannada,agree,false
2115711899302070,Telugu,Telugu,agree,false
2117649575649233,Tamil,Tamil,agree,false
2117708235706666,English,Hindi,disagree,true
2119140315611050,English,Hindi,disagree,true
2120218238836065,Telugu,Telugu,agree,false
2120502182068858,English,Hindi,disagree,true
2120930112092379,Tamil,Tamil,agree,false
2121227375086598,Tamil,Tamil,agree,false
2121614641744252,Malayalam,Malayalam,agree,false
2126023174606193,Gujarati,Gujarati,agree,false
2126837924556346,English,Hindi,disagree,true
2126856914820990,Marathi,Marathi,agree,false
2129645074556664,Bengali,Bengali,agree,false
2131334867640279,Bengali,Bengali,agree,false
2133223274130105,English,Hindi,disagree,true
2137355713774144,Tamil,Tamil,agree,false
2140866776750997,English,English,agree,false
2141955079979520,Marathi,Marathi,agree,false
2142674293222089,Marathi,Marathi,agree,false
2145516519321655,Malayalam,Malayalam,agree,false
2147013479483812,Telugu,Telugu,agree,false
2147593776037558,Tamil,Tamil,agree,false
2148083845740644,Gujarati,Gujarati,agree,false
2149180252598588,Marathi,Marathi,agree,false
2150303552176321,Malayalam,Malayalam,agree,false
2151661992284014,English,Hindi,disagree,true
2152369525523856,Marathi,Marathi,agree,false
2154159342046433,Marathi,Marathi,agree,false
2154787301730525,Kannada,Kannada,agree,false
2155766768590897,Tamil,Tamil,agree,false
2158462321608573,Telugu,Telugu,agree,false
2158818621597371,English,English,agree,false
2159250388250975,Tamil,Tamil,agree,false
2160250698081128,English,Hindi,disagree,true
2160539037836230,Gujarati,Gujarati,agree,false
2162696541198042,Telugu,Telugu,agree,false
2165198370981956,Marathi,Marathi,agree,false
2165925787635529,Telugu,Telugu,agree,false
2166519527537093,Telugu,Telugu,agree,false
2168403830564045,Marathi,,copy_only,false
2174537080053843,Tamil,Tamil,agree,false
2175701933182464,Tamil,Tamil,agree,false
2176296829790438,Gujarati,Gujarati,agree,false
2177734223002124,Tamil,Tamil,agree,false
2182310698840588,Bengali,Bengali,agree,false
2185422348879860,English,Hindi,disagree,true
2185711878862830,Bengali,Bengali,agree,false
2187186002058927,English,Hindi,disagree,true
2187419395358283,Malayalam,Malayalam,agree,false
2187708092043586,Kannada,Kannada,agree,false
2187985138676728,English,Hindi,disagree,true
2193157824835756,English,Hindi,disagree,true
2197267675006327,Telugu,Telugu,agree,false
2197503414415259,English,Hindi,disagree,true
2202318807288664,Tamil,Tamil,agree,false
2202697953874551,Gujarati,Gujarati,agree,false
2203490913744323,Marathi,Marathi,agree,false
2204353180393978,Malayalam,Malayalam,agree,false
2206113140214651,English,Hindi,disagree,true
2206910626727153,Tamil,Tamil,agree,false
2208276953242683,Marathi,Marathi,agree,false
2208415999973119,Bengali,Bengali,agree,false
2209407279828265,Kannada,Kannada,agree,false
2212675122600323,Telugu,Telugu,agree,false
2213473106125559,Bengali,Bengali,agree,false
2216599412438097,Telugu,Telugu,agree,false
2218589522246132,English,Hindi,disagree,true
2218922798640333,Bengali,Bengali,agree,false
2219698875434552,English,,copy_only,false
2220176722113512,Telugu,Telugu,agree,false
2221726161911720,Marathi,Marathi,agree,false
2225074694903314,Gujarati,Gujarati,agree,false
2228703687959276,Gujarati,Gujarati,agree,false
2229287067891015,Tamil,Tamil,agree,false
2229685480897303,Marathi,Marathi,agree,false
2230785143994906,Marathi,Marathi,agree,false
2238985510203547,Telugu,Telugu,agree,false
2239670780110111,Marathi,Marathi,agree,false
2246774942840842,English,Hindi,disagree,true
2250006169146539,English,Hindi,disagree,true
2250238389116857,Bengali,Bengali,agree,false
2251716805656304,Marathi,Marathi,agree,false
2257225825106721,English,Hindi,disagree,true
2266101524219379,Tamil,Tamil,agree,false
2269969620499402,Marathi,Marathi,agree,false
2270309397109641,Kannada,Kannada,agree,false
2275202553283552,English,Hindi,disagree,true
2276309532904433,English,Hindi,disagree,true
2282035235538969,Marathi,Marathi,agree,false
2282920772237156,Tamil,Tamil,agree,false
2283185362168906,Kannada,Kannada,agree,false
2283416315525470,English,Hindi,disagree,true
2292254317849120,English,Hindi,disagree,true
2301236813739561,Telugu,Telugu,agree,false
2302627590232724,Bengali,Bengali,agree,false
2310427539481023,Telugu,Telugu,agree,false
2312195699188392,Kannada,Kannada,agree,false
2314753332335203,Bengali,Bengali,agree,false
2323860141440071,Marathi,Marathi,agree,false
2330900914065991,English,Hindi,disagree,true
2331390980671913,Malayalam,Malayalam,agree,false
2340991813061527,Gujarati,Gujarati,agree,false
2357808904682799,Telugu,Telugu,agree,false
2359622414563979,Telugu,Telugu,agree,false
2360470397795125,Gujarati,Gujarati,agree,false
2366576817154685,English,Hindi,disagree,true
2367717377368550,Tamil,Tamil,agree,false
2368191860258559,Marathi,Marathi,agree,false
2369751233551128,Marathi,Marathi,agree,false
2369813166836159,Marathi,Marathi,agree,false
2369886946820201,English,,copy_only,false
2378305412681631,English,Hindi,disagree,true
2379080592572632,Telugu,Telugu,agree,false
2381165805628683,Marathi,Marathi,agree,false
2383716688745275,Tamil,Tamil,agree,false
2384343958707632,Marathi,Marathi,agree,false
2387899661694831,English,Hindi,disagree,true
2388503891642566,Marathi,Marathi,agree,false
2395677954250668,Marathi,Marathi,agree,false
2397605794050606,Kannada,Kannada,agree,false
2399884270494026,Malayalam,Malayalam,agree,false
2404124340028110,Tamil,Tamil,agree,false
2405799469887575,Marathi,Marathi,agree,false
2406759349808828,Marathi,Marathi,agree,false
2407354493083441,Telugu,Telugu,agree,false
2409289836238890,Kannada,Kannada,agree,false
2411773012629776,Marathi,Marathi,agree,false
2412501682509273,Telugu,Telugu,agree,false
2412938622562182,Kannada,Kannada,agree,false
2414164452430992,English,English,agree,false
2415331668950258,Malayalam,Malayalam,agree,false
2422283561576901,Telugu,Telugu,agree,false
2428035340942905,Tamil,Tamil,agree,false
2428302261018727,Gujarati,Gujarati,agree,false
2430598764121681,Gujarati,Gujarati,agree,false
2433732887048975,Malayalam,Malayalam,agree,false
2438971033237539,Kannada,Kannada,agree,false
2442521946211355,Gujarati,Gujarati,agree,false
2443105446101740,Tamil,Tamil,agree,false
2446046299152595,Marathi,Marathi,agree,false
2449851418795282,Bengali,Bengali,agree,false
2451068958721852,English,Hindi,disagree,true
2451096275411627,Bengali,Bengali,agree,false
2452166731863699,Kannada,Kannada,agree,false
2452799651819967,English,Hindi,disagree,true
2453912481744633,English,Hindi,disagree,true
24553583707571927,Hindi,Hindi,agree,false
2459081154523683,Telugu,Telugu,agree,false
2459306031182517,Bengali,Bengali,agree,false
2459656454453683,English,Hindi,disagree,true
2460215957760374,Kannada,Kannada,agree,false
2462011570955819,Tamil,Tamil,agree,false
2468285216977452,Kannada,Kannada,agree,false
2468537496920641,English,Hindi,disagree,true
2469306593530142,Marathi,Marathi,agree,false
2469480630130728,English,Hindi,disagree,true
2470813780057683,English,Hindi,disagree,true
2476605526098229,Kannada,Kannada,agree,false
24784832384548343,English,Hindi,disagree,true
2479659245833705,English,Hindi,disagree,true
24844316141933002,Telugu,Telugu,agree,false
2485768455272079,Telugu,Telugu,agree,false
2487315125067028,Kannada,Kannada,agree,false
2490035064776770,Marathi,Marathi,agree,false
2495643760892894,English,Hindi,disagree,true
2495683897596153,Bengali,Bengali,agree,false
2496520560750855,Tamil,Tamil,agree,false
2501529263605263,Malayalam,Malayalam,agree,false
2502707080175731,Gujarati,Gujarati,agree,false
2505171623253330,Telugu,Telugu,agree,false
2526183224467378,Telugu,Telugu,agree,false
2528689397550560,Tamil,Tamil,agree,false
2529987434101574,Kannada,Kannada,agree,false
2536968253428776,Malayalam,Malayalam,agree,false
2540369646381064,English,Hindi,disagree,true
2543246099427611,Gujarati,Gujarati,agree,false
2544633702634148,Kannada,Kannada,agree,false
2554854708282850,Tamil,Tamil,agree,false
2563194657448953,Kannada,Kannada,agree,false
2564643630659219,Marathi,Marathi,agree,false
25786060331062685,Tamil,Tamil,agree,false
2583482575445539,Telugu,Telugu,agree,false
25866749899663745,English,Hindi,disagree,true
25887546494216031,English,Hindi,disagree,true
2590034808066034,English,Hindi,disagree,true
26066105419731633,English,Hindi,disagree,true
26125248277177953,English,Hindi,disagree,true
26168226789452355,Marathi,Marathi,agree,false
26214298964910174,English,Hindi,disagree,true
2626594457734328,English,Hindi,disagree,true
26278682328431057,Malayalam,Malayalam,agree,false
26295031813516077,Malayalam,Malayalam,agree,false
26342476628786885,Marathi,Marathi,agree,false
26352975817738468,English,Hindi,disagree,true
2641474309587811,Marathi,Marathi,agree,false
2642755476096212,Telugu,Telugu,agree,false
26430272379956289,English,English,agree,false
26441861282177302,Gujarati,Gujarati,agree,false
26482665764696379,English,Hindi,disagree,true
26500345142960290,Telugu,Telugu,agree,false
26531650446495110,Bengali,Bengali,agree,false
26549538874713189,English,English,agree,false
26591956137093279,Gujarati,Gujarati,agree,false
26617501507876670,Telugu,Telugu,agree,false
26627886823532573,Marathi,Marathi,agree,false
26659524697044325,Malayalam,Malayalam,agree,false
26662604133381724,Telugu,Telugu,agree,false
26670396275954443,Marathi,Marathi,agree,false
26688852157415809,Marathi,Marathi,agree,false
26792219687066551,English,Hindi,disagree,true
26797446529949002,Tamil,Tamil,agree,false
26811535081806561,English,Hindi,disagree,true
26812097085066896,Telugu,Telugu,agree,false
26855024550751815,English,Hindi,disagree,true
26872691479089671,Tamil,Tamil,agree,false
2687430314972043,English,English,agree,false
26877970818456137,English,Hindi,disagree,true
26879165861740023,Marathi,Marathi,agree,false
26885996691068733,Telugu,Telugu,agree,false
26897514576536099,Malayalam,Malayalam,agree,false
26911484771845811,Tamil,Tamil,agree,false
26925923477034989,English,Hindi,disagree,true
26934101952860497,English,Hindi,disagree,true
26937562759189829,English,Hindi,disagree,true
26941389452214403,Malayalam,Malayalam,agree,false
26997230736567251,Malayalam,Malayalam,agree,false
26998229939840758,Bengali,Bengali,agree,false
2701220936928037,Marathi,Marathi,agree,false
27030739196535929,Tamil,Tamil,agree,false
2703501580024060,Telugu,Telugu,agree,false
2709519946086937,Gujarati,Gujarati,agree,false
27112460661684304,Marathi,Marathi,agree,false
27122402534086529,Kannada,Kannada,agree,false
2712415449113415,English,Hindi,disagree,true
27164587509825001,English,Hindi,disagree,true
27170496985887290,Kannada,Kannada,agree,false
27268288746190443,Tamil,Tamil,agree,false
27290206770667258,Telugu,Telugu,agree,false
27312994971640756,Kannada,Kannada,agree,false
2733572580357581,Marathi,Marathi,agree,false
27367556752850049,English,Hindi,disagree,true
27373646608895195,Bengali,Bengali,agree,false
2747985128912996,English,Hindi,disagree,true
27494098080215685,English,Hindi,disagree,true
2765895983774795,English,Hindi,disagree,true
2766863023656792,Tamil,Tamil,agree,false
2769559763418086,English,Hindi,disagree,true
27708258138829302,Telugu,Telugu,agree,false
2772625586437847,English,Hindi,disagree,true
2773343266355319,Marathi,Marathi,agree,false
2776880132659566,English,Hindi,disagree,true
2782619062102285,Telugu,Telugu,agree,false
27857383140528183,Gujarati,Gujarati,agree,false
2791879697846410,Kannada,Kannada,agree,false
27932844696318320,Malayalam,Malayalam,agree,false
2795072854189932,Marathi,Marathi,agree,false
27982903524633146,English,Hindi,disagree,true
2802423913468003,Gujarati,Gujarati,agree,false
2803693386660290,Kannada,Kannada,agree,false
2811319042547435,Malayalam,Malayalam,agree,false
2814618505547674,Tamil,Tamil,agree,false
2819469955061376,Telugu,Telugu,agree,false
2821147041581055,Tamil,Tamil,agree,false
2823515984648506,English,Hindi,disagree,true
2827512444247406,Telugu,Telugu,agree,false
2828668334192442,Marathi,Marathi,agree,false
2830223587356205,Marathi,Marathi,agree,false
2833310423703622,Gujarati,Gujarati,agree,false
2835887000092387,Bengali,Bengali,agree,false
2842175216147297,Marathi,Marathi,agree,false
2846803885657346,Tamil,Tamil,agree,false
2870718243272920,Malayalam,Malayalam,agree,false
2871680879847724,Kannada,Kannada,agree,false
2873166289694383,Marathi,Marathi,agree,false
2877629302579404,Telugu,Telugu,agree,false
2881901835488839,Marathi,Marathi,agree,false
2903421953330894,Tamil,Tamil,agree,false
2909101879460289,Gujarati,Gujarati,agree,false
2912711272407775,Tamil,Tamil,agree,false
2917136741819239,Hindi,Hindi,agree,false
2949806511886806,Malayalam,Malayalam,agree,false
2987234168133064,English,Hindi,disagree,true
2995894884080267,Gujarati,Gujarati,agree,false
2999749580221758,Malayalam,Malayalam,agree,false
3008300169365904,Bengali,Bengali,agree,false
3031483217048129,Bengali,Bengali,agree,false
3040928739429154,English,Hindi,disagree,true
3064960277032195,Malayalam,Malayalam,agree,false
3081854985538533,Kannada,Kannada,agree,false
3087833694742781,Tamil,Tamil,agree,false
3096779047174950,Gujarati,Gujarati,agree,false
3110368095822268,Gujarati,Gujarati,agree,false
3119538861563833,Kannada,Kannada,agree,false
3128254054012661,Marathi,Marathi,agree,false
3164644693735244,English,English,agree,false
3170929749745269,Marathi,Marathi,agree,false
3196256247224525,Malayalam,Malayalam,agree,false
3233760643474918,English,Hindi,disagree,true
3251318191706684,English,Hindi,disagree,true
3256073471238491,Gujarati,Gujarati,agree,false
3264317643755663,Bengali,Bengali,agree,false
3283246428543500,Malayalam,Malayalam,agree,false
3294416307404381,English,Hindi,disagree,true
3305640266285189,English,Hindi,disagree,true
3316498475188105,Marathi,Marathi,agree,false
3359463744214834,Tamil,Tamil,agree,false
3365731203598320,English,Hindi,disagree,true
3377249175775247,Gujarati,Gujarati,agree,false
3380153405468183,English,Hindi,disagree,true
3385102185164539,Telugu,Telugu,agree,false
3387953328040082,Telugu,Telugu,agree,false
3468765959958942,Marathi,Marathi,agree,false
3471950609648062,Marathi,Marathi,agree,false
3475306155959884,English,Hindi,disagree,true
35346300615014993,Tamil,Tamil,agree,false
35521914890755970,Marathi,Marathi,agree,false
3564436110374473,Telugu,Telugu,agree,false
3583464295143448,Marathi,Marathi,agree,false
3588472361291704,Malayalam,Malayalam,agree,false
3588732101266015,Tamil,Tamil,agree,false
36026325717014917,Tamil,Tamil,agree,false
3633154320158711,Tamil,Tamil,agree,false
36525046867093608,Tamil,Tamil,agree,false
3676293635858295,Marathi,Marathi,agree,false
36996275276638007,English,English,agree,false
3718261868313314,English,Hindi,disagree,true
3734932646646722,Telugu,Telugu,agree,false
3753984338076916,Malayalam,Malayalam,agree,false
3832667117040834,Gujarati,Gujarati,agree,false
3857284184581387,Kannada,Kannada,agree,false
3877822139193411,Malayalam,Malayalam,agree,false
3906372976325729,Tamil,Tamil,agree,false
3931456330493777,Marathi,Marathi,agree,false
3942165792755421,Marathi,Marathi,agree,false
3965412450258955,Malayalam,Malayalam,agree,false
3971658792964044,Marathi,Marathi,agree,false
3985502365087406,Telugu,Telugu,agree,false
3989397097863539,English,Hindi,disagree,true
4001385613487843,Tamil,Tamil,agree,false
4082423051901954,Marathi,Marathi,agree,false
4107404316224571,English,Hindi,disagree,true
4114467625363486,Tamil,Tamil,agree,false
4137390766573800,Bengali,Bengali,agree,false
4179647645586249,Gujarati,Gujarati,agree,false
4198651363612430,Telugu,Telugu,agree,false
4210298219220133,English,English,agree,false
4211823889130191,Malayalam,Malayalam,agree,false
4213597842242138,Tamil,Tamil,agree,false
4216193448647693,Marathi,Marathi,agree,false
4246708335582097,English,Hindi,disagree,true
4290098487973202,Tamil,Tamil,agree,false
4292515307668393,Telugu,Telugu,agree,false
4296580653926356,Bengali,Bengali,agree,false
4300901276840117,Telugu,Telugu,agree,false
4304630953136970,English,English,agree,false
4309710132600481,Tamil,Tamil,agree,false
4313351258910187,English,Hindi,disagree,true
4313382038882062,Kannada,Kannada,agree,false
4318989495033729,Tamil,Tamil,agree,false
4322014331449545,Bengali,Bengali,agree,false
4325128924402660,Marathi,Marathi,agree,false
4328377604041100,Tamil,Tamil,agree,false
4332131490436715,Telugu,Telugu,agree,false
4333182190269237,Kannada,Kannada,agree,false
4334803856836463,Tamil,Tamil,agree,false
4336764726641466,English,Hindi,disagree,true
4339328176335731,Malayalam,Malayalam,agree,false
4345009092483673,Malayalam,Malayalam,agree,false
4345090322372663,Marathi,Marathi,agree,false
4356269961279689,Telugu,Telugu,agree,false
4358310907775498,Marathi,Marathi,agree,false
4360532544221904,English,Hindi,disagree,true
4364553960461634,Tamil,Tamil,agree,false
4366156280372577,Tamil,Tamil,agree,false
4373904222920501,Tamil,Tamil,agree,false
4379684485635761,Marathi,Marathi,agree,false
4388276651441859,Malayalam,Malayalam,agree,false
4390605991210193,Gujarati,Gujarati,agree,false
4393526130890052,Telugu,Telugu,agree,false
4403278009942249,Marathi,Marathi,agree,false
4404024616542731,Malayalam,Malayalam,agree,false
4407884322759937,Malayalam,Malayalam,agree,false
4414656942145630,Malayalam,Malayalam,agree,false
4417336568500421,Telugu,Telugu,agree,false
4417370535206792,Tamil,Tamil,agree,false
4423694127908972,English,Hindi,disagree,true
4424951174408834,Malayalam,Malayalam,agree,false
4425519174363749,Tamil,Tamil,agree,false
4425769041080368,Telugu,Telugu,agree,false
4434299713468696,Kannada,Kannada,agree,false
4439133773011029,Telugu,Telugu,agree,false
4441412029519259,Gujarati,Gujarati,agree,false
4444707579134614,Marathi,Marathi,agree,false
4448835111997016,Malayalam,Malayalam,agree,false
4451172295160916,Kannada,Kannada,agree,false
4453558948123129,Bengali,Bengali,agree,false
4459719324263987,English,Hindi,disagree,true
4463459293888264,Gujarati,Gujarati,agree,false
4466306300265392,Marathi,Marathi,agree,false
4475712959365662,Marathi,Marathi,agree,false
4490442197870544,Bengali,Bengali,agree,false
4500291830191736,Marathi,Marathi,agree,false
4507442786240623,Gujarati,Gujarati,agree,false
4512978995690821,Telugu,Telugu,agree,false
4514495442158073,Marathi,Marathi,agree,false
4517533995175335,Kannada,Kannada,agree,false
4540727896198471,Tamil,Tamil,agree,false
4566008667010641,English,Hindi,disagree,true
4566117496990420,Malayalam,Malayalam,agree,false
4570128656535656,Telugu,Telugu,agree,false
4577544502529598,Malayalam,Malayalam,agree,false
4579746415644559,Tamil,Tamil,agree,false
4588402051391271,Marathi,Marathi,agree,false
4607699552793256,Bengali,Bengali,agree,false
4640916496127984,Tamil,Tamil,agree,false
4641390749474437,English,Hindi,disagree,true
4691227711105054,Marathi,Marathi,agree,false
4692336211033556,Telugu,Telugu,agree,false
4864204520477238,Malayalam,Malayalam,agree,false
5332995790259682,Tamil,Tamil,agree,false
654884707719987,Gujarati,Gujarati,agree,false
703050002902917,Telugu,Telugu,agree,false
705794385890226,Marathi,Marathi,agree,false
706984715831260,Bengali,Bengali,agree,false
707154835791768,English,Hindi,disagree,true
710773818697429,Malayalam,Malayalam,agree,false
717491314754581,Gujarati,Gujarati,agree,false
723052994202973,Marathi,Marathi,agree,false
725235630646657,Marathi,Marathi,agree,false
729755693462144,Telugu,Telugu,agree,false
729901470083197,Malayalam,Malayalam,agree,false
729999700140044,Gujarati,Gujarati,agree,false
734480859685959,Telugu,Telugu,agree,false
740467572463488,Tamil,Tamil,agree,false
742213492260575,Telugu,Telugu,agree,false
746424205071026,Tamil,Tamil,agree,false
750870274716392,Telugu,Telugu,agree,false
755788270889411,Tamil,Tamil,agree,false
756325934218747,Tamil,Tamil,agree,false
757013760735660,Marathi,Marathi,agree,false
764954353306974,Tamil,Tamil,agree,false
767216583109107,Bengali,Bengali,agree,false
771032532665618,Tamil,Tamil,agree,false
773374239040095,Kannada,Kannada,agree,false
776162075567159,Kannada,Kannada,agree,false
778012685144422,Bengali,Bengali,agree,false
782153618005907,Marathi,Marathi,agree,false
782777504803482,Kannada,Kannada,agree,false
783367227802865,Telugu,Telugu,agree,false
783529444726663,Tamil,Tamil,agree,false
785963657528956,Kannada,Kannada,agree,false
787191001127991,Telugu,Telugu,agree,false
789122750339119,Bengali,Bengali,agree,false
791235580707058,Bengali,Bengali,agree,false
791531614025212,English,Hindi,disagree,true
792723907110134,Tamil,Tamil,agree,false
793690836766387,Malayalam,Malayalam,agree,false
795836983249916,Kannada,Kannada,agree,false
796237126852641,Kannada,Kannada,agree,false
796741819912167,Gujarati,Gujarati,agree,false
797169483413618,Gujarati,Gujarati,agree,false
797694513391424,English,Hindi,disagree,true
799742366537014,Malayalam,Malayalam,agree,false
800270126006456,Malayalam,Malayalam,agree,false
800552822418657,Bengali,Bengali,agree,false
801068813064626,Tamil,Tamil,agree,false
802916655974862,Marathi,Marathi,agree,false
803170229331324,English,Hindi,disagree,true
805463449281078,Gujarati,Gujarati,agree,false
806088175124414,Tamil,Tamil,agree,false
806601685303616,English,Hindi,disagree,true
807034821685948,Tamil,Tamil,agree,false
807614085565502,Telugu,Telugu,agree,false
809134125539276,English,Hindi,disagree,true
809446541711698,English,Hindi,disagree,true
810472615431061,Telugu,Telugu,agree,false
810618368177111,Tamil,Tamil,agree,false
811009854797079,Tamil,Tamil,agree,false
811127561729088,Marathi,Marathi,agree,false
813172141406511,Gujarati,Gujarati,agree,false
814453281403568,Marathi,Marathi,agree,false
814662408115014,Telugu,Telugu,agree,false
815777861234969,Gujarati,Gujarati,agree,false
816290354883143,Gujarati,Gujarati,agree,false
820127957618228,Kannada,Kannada,agree,false
821110864071081,Gujarati,Gujarati,agree,false
821618137635352,Telugu,Telugu,agree,false
821884560200700,Malayalam,Malayalam,agree,false
821984804005150,Gujarati,Gujarati,agree,false
822019604253506,English,English,agree,false
823995510713983,Bengali,Bengali,agree,false
824290690534939,Telugu,Telugu,agree,false
824526280306363,Telugu,Telugu,agree,false
824655086830758,Marathi,Marathi,agree,false
826432333386014,Kannada,Kannada,agree,false
828046342935469,English,Hindi,disagree,true
829321840224716,Telugu,Telugu,agree,false
830630363447590,English,Hindi,disagree,true
830827740038509,Tamil,Tamil,agree,false
831199716711951,Gujarati,Gujarati,agree,false
833176272826506,English,Hindi,disagree,true
833989979759542,Malayalam,Malayalam,agree,false
835384069629859,Telugu,Telugu,agree,false
835422885855723,English,Hindi,disagree,true
835980929521036,English,Hindi,disagree,true
837153365685876,Malayalam,Malayalam,agree,false
839811269139842,Marathi,Marathi,agree,false
840908545727210,Tamil,Tamil,agree,false
844004938732119,Tamil,Tamil,agree,false
844541795395576,Marathi,Marathi,agree,false
844649882007515,Gujarati,Gujarati,agree,false
846054941857253,Malayalam,Malayalam,agree,false
847053931175223,Telugu,Telugu,agree,false
847116958451101,Telugu,Telugu,agree,false
847357824665423,Tamil,Tamil,agree,false
848906564223908,Telugu,Telugu,agree,false
850485390656030,Gujarati,Gujarati,agree,false
851319157987747,Telugu,Telugu,agree,false
852057223823065,Gujarati,Gujarati,agree,false
852615603796664,Gujarati,Gujarati,agree,false
853384804024221,Telugu,Telugu,agree,false
857849987351632,Malayalam,Malayalam,agree,false
858184180059111,Tamil,Tamil,agree,false
858227866648949,Gujarati,Gujarati,agree,false
859137023885126,English,Hindi,disagree,true
859893617128888,English,Hindi,disagree,true
866302806504191,Kannada,Kannada,agree,false
866981022429514,Tamil,Tamil,agree,false
867185333062103,Gujarati,Gujarati,agree,false
868697129596674,Marathi,Marathi,agree,false
869097026219993,Telugu,Telugu,agree,false
870690051952433,Telugu,Telugu,agree,false
872455912576404,English,Telugu,disagree,true
873908202336553,Malayalam,Malayalam,agree,false
874393612311582,Kannada,Kannada,agree,false
875327102286852,English,Hindi,disagree,true
876285282244370,English,Hindi,disagree,true
876412925491800,Tamil,Tamil,agree,false
876583388784328,Malayalam,Malayalam,agree,false
876595381443358,Tamil,Tamil,agree,false
877350008696721,Gujarati,Gujarati,agree,false
879780724428689,Telugu,Telugu,agree,false
881727308209965,English,Hindi,disagree,true
883747533984473,Marathi,Marathi,agree,false
884389957937458,Tamil,Tamil,agree,false
884633817515736,Bengali,Bengali,agree,false
885982111176708,Kannada,Kannada,agree,false
887955943678596,English,Hindi,disagree,true
888667267562500,Telugu,Telugu,agree,false
891598777054338,English,Hindi,disagree,true
892399700479760,Malayalam,Malayalam,agree,false
892918537099449,Marathi,Marathi,agree,false
893592617057361,Telugu,Telugu,agree,false
894479153624093,English,Hindi,disagree,true
894973102911612,Bengali,Bengali,agree,false
895888356589234,Malayalam,Malayalam,agree,false
896100040116048,Malayalam,Malayalam,agree,false
896370286784868,Gujarati,Gujarati,agree,false
896845852977201,Malayalam,Malayalam,agree,false
898788299356495,English,Hindi,disagree,true
900745539757586,Kannada,Kannada,agree,false
900996322983088,Telugu,Telugu,agree,false
901875156246106,English,Hindi,disagree,true
902122562866761,Kannada,Kannada,agree,false
903518789396968,Kannada,Kannada,agree,false
904725375680049,Malayalam,Malayalam,agree,false
906156605788310,Marathi,Marathi,agree,false
906633782444832,Malayalam,Malayalam,agree,false
907001725743671,Telugu,Telugu,agree,false
909071678796205,Gujarati,Gujarati,agree,false
910782815316789,Telugu,Telugu,agree,false
911225398592349,Marathi,Marathi,agree,false
912237754769878,Malayalam,Malayalam,agree,false
913058388118205,English,Hindi,disagree,true
913131001745918,English,Hindi,disagree,true
913183784536403,Bengali,Bengali,agree,false
913402598377032,Telugu,Telugu,agree,false
913598528343469,Tamil,Tamil,agree,false
914367568121395,Tamil,Tamil,agree,false
914613221634852,Telugu,Telugu,agree,false
916573367889182,Kannada,Kannada,agree,false
918571931129028,English,Hindi,disagree,true
918933737818360,Tamil,Tamil,agree,false
919416144130224,Marathi,Marathi,agree,false
919532227571116,English,Hindi,disagree,true
919585814171318,English,Hindi,disagree,true
920107747234392,Tamil,Tamil,agree,false
920193407589752,Marathi,Marathi,agree,false
920684857670148,Bengali,Bengali,agree,false
921430964084713,Malayalam,Malayalam,agree,false
921744083597234,Tamil,Tamil,agree,false
921846370903579,Marathi,Marathi,agree,false
921850710723400,English,Hindi,disagree,true
923312633399347,Tamil,Tamil,agree,false
924032526923654,Telugu,Telugu,agree,false
924262160239210,Tamil,Tamil,agree,false
925449443638704,Tamil,Tamil,agree,false
925673733678297,Gujarati,Gujarati,agree,false
926009359893772,Tamil,Tamil,agree,false
926061870295157,English,Hindi,disagree,true
927302763674890,Malayalam,Malayalam,agree,false
928131210058674,Malayalam,Malayalam,agree,false
928550653256515,Marathi,Marathi,agree,false
928632976569232,Marathi,Marathi,agree,false
929087416430681,Tamil,Tamil,agree,false
929094670155291,Marathi,Marathi,agree,false
929154296271675,Malayalam,Malayalam,agree,false
929288733053067,Marathi,Marathi,agree,false
929881406663276,English,Hindi,disagree,true
930019113406036,Bengali,Bengali,agree,false
931068273002235,Tamil,Tamil,agree,false
931433652868993,English,Hindi,disagree,true
931622252814916,Telugu,Telugu,agree,false
933262946235946,Telugu,Telugu,agree,false
933849582812762,Malayalam,Malayalam,agree,false
934210496167793,Marathi,Marathi,agree,false
934221722543718,English,Hindi,disagree,true
934416192418998,Tamil,Tamil,agree,false
934970286262057,English,Hindi,disagree,true
935496569417744,Malayalam,Malayalam,agree,false
935574709257724,Gujarati,Gujarati,agree,false
935651469467557,Tamil,Tamil,agree,false
935677736125799,Gujarati,Gujarati,agree,false
936224196120689,Marathi,Marathi,agree,false
936653912069346,English,Hindi,disagree,true
937024319252126,English,English,agree,false
938731389069788,English,Hindi,disagree,true
939108672088071,Telugu,Telugu,agree,false
939608312302127,Telugu,Telugu,agree,false
939726098884612,Telugu,Telugu,agree,false
939913685696213,Tamil,Tamil,agree,false
940533131682059,Tamil,Tamil,agree,false
941404922116643,Malayalam,Malayalam,agree,false
941511472103541,English,Hindi,disagree,true
942082795041598,English,English,agree,false
942367345082160,Marathi,Marathi,agree,false
942633635178774,English,Hindi,disagree,true
942686628450568,Malayalam,Malayalam,agree,false
942718048768917,Telugu,Telugu,agree,false
943077205374197,Tamil,Tamil,agree,false
943159985433635,Gujarati,Gujarati,agree,false
943464778173601,Marathi,Marathi,agree,false
943556318445207,Tamil,Tamil,agree,false
943620374955183,Telugu,Telugu,agree,false
944079981938585,Telugu,Telugu,agree,false
944584511642715,Kannada,Kannada,agree,false
944621461452164,Tamil,Tamil,agree,false
945049811773120,Malayalam,Malayalam,agree,false
945070185072288,Kannada,Kannada,agree,false
945149298505749,Telugu,Telugu,agree,false
945186171850008,English,Hindi,disagree,true
945657694898180,Malayalam,Malayalam,agree,false
946115641259323,Telugu,Telugu,agree,false
946578058140761,Malayalam,Malayalam,agree,false
947073054868139,Kannada,Kannada,agree,false
947133261656713,English,Hindi,disagree,true
947506234652795,Kannada,Kannada,agree,false
947652718222471,Bengali,Bengali,agree,false
947770501599395,Malayalam,Malayalam,agree,false
948098764436671,Malayalam,Malayalam,agree,false
948102247969480,Kannada,Kannada,agree,false
948196901262777,Telugu,Telugu,agree,false
948655514510811,Malayalam,Malayalam,agree,false
948714514431596,Gujarati,Gujarati,agree,false
949263154633774,English,Hindi,disagree,true
949417667920028,Telugu,Telugu,agree,false
949864101142646,Marathi,Marathi,agree,false
950529750847803,English,Hindi,disagree,true
950800311063469,Telugu,Telugu,agree,false
950838251282665,Marathi,Marathi,agree,false
950900830803629,Bengali,Bengali,agree,false
951380894120941,Bengali,Bengali,agree,false
952171714657023,Tamil,Tamil,agree,false
952192981000880,Kannada,Kannada,agree,false
953452073969111,Tamil,Tamil,agree,false
953674700600091,Telugu,Telugu,agree,false
953700823835519,English,English,agree,false
953740530634532,English,Hindi,disagree,true
953857770870220,Gujarati,Gujarati,agree,false
953940747635434,English,Hindi,disagree,true
954347117164133,Tamil,Tamil,agree,false
954571814046530,Tamil,Tamil,agree,false
954594866940569,Gujarati,Gujarati,agree,false
954621050709416,Kannada,Kannada,agree,false
954861997511251,Marathi,Marathi,agree,false
955776800594012,Kannada,Kannada,agree,false
955931157404252,Gujarati,Gujarati,agree,false
955990643908718,Telugu,Telugu,agree,false
956286053934209,English,Hindi,disagree,true
956287430357321,Tamil,Tamil,agree,false
956393793873937,English,Hindi,disagree,true
956403490251878,Marathi,Marathi,agree,false
956931933889027,Tamil,Tamil,agree,false
957337403958368,Malayalam,Malayalam,agree,false
957527410496428,Telugu,Telugu,agree,false
957532570497814,Telugu,Telugu,agree,false
957788610045603,Telugu,Telugu,agree,false
959052360353565,Telugu,Telugu,agree,false
959500716517162,Marathi,Marathi,agree,false
959527233333406,Telugu,Telugu,agree,false
959606870179196,Telugu,Telugu,agree,false
959821773710617,English,Hindi,disagree,true
959828883152594,Bengali,Bengali,agree,false
959872013301221,Gujarati,Gujarati,agree,false
960123896753761,Marathi,Marathi,agree,false
960244010133429,Gujarati,Gujarati,agree,false
960292289945581,Gujarati,Gujarati,agree,false
960381926780829,Telugu,Telugu,agree,false
960956759748865,Gujarati,Gujarati,agree,false
961031936723602,Kannada,Kannada,agree,false
961036996847414,Kannada,Kannada,agree,false
961457740019518,Gujarati,Gujarati,agree,false
962093910152140,Telugu,Telugu,agree,false
962631736733594,Kannada,Kannada,agree,false
962640563254667,Telugu,Telugu,agree,false
962713016574724,Tamil,Tamil,agree,false
962754449720152,Gujarati,Gujarati,agree,false
963007006510526,English,Hindi,disagree,true
963301103260986,Marathi,Marathi,agree,false
963707096066927,Tamil,Tamil,agree,false
963998116611419,Telugu,Telugu,agree,false
964508779739269,Tamil,Tamil,agree,false
964585392991870,Tamil,Tamil,agree,false
964868699756081,English,Hindi,disagree,true
964962082987018,Bengali,Bengali,agree,false
965183063075473,Marathi,Marathi,agree,false
965322049573525,Kannada,Kannada,agree,false
965858049156388,Malayalam,Malayalam,agree,false
966215432889068,Marathi,Marathi,agree,false
966255596321371,English,Hindi,disagree,true
966544669468282,Malayalam,Malayalam,agree,false
966652642818393,Kannada,Kannada,agree,false
966684345790577,Tamil,Tamil,agree,false
966723839225566,English,Hindi,disagree,true
966804315995716,English,Hindi,disagree,true
966883769424056,Tamil,Tamil,agree,false
967253719139180,Malayalam,Malayalam,agree,false
967267452835096,Gujarati,Gujarati,agree,false
967299862756247,English,Hindi,disagree,true
967585749230479,English,Hindi,disagree,true
967686042515582,Marathi,Marathi,agree,false
967691059186923,English,Hindi,disagree,true
968622909066343,English,Hindi,disagree,true
968917315767506,Gujarati,Gujarati,agree,false
969145382581015,Marathi,Marathi,agree,false
969163899316714,Kannada,Kannada,agree,false
969193632529719,Malayalam,Malayalam,agree,false
969504339283890,English,Hindi,disagree,true
969700349268024,English,Hindi,disagree,true
969734745982277,Bengali,Bengali,agree,false
969976285892619,Marathi,Marathi,agree,false
969992315779319,Tamil,Tamil,agree,false
970702658955414,Marathi,Marathi,agree,false
970796419093125,Marathi,Marathi,agree,false
971282695488880,Gujarati,Gujarati,agree,false
971914591954473,Tamil,Tamil,agree,false
972115431841276,Gujarati,Gujarati,agree,false
972275398944393,English,Hindi,disagree,true
972740062202300,Tamil,Tamil,agree,false
973230148643659,English,Hindi,disagree,true
973437802008916,Telugu,Telugu,agree,false
973508128751973,English,Hindi,disagree,true
973738558531150,Malayalam,Malayalam,agree,false
973796251712263,English,Hindi,disagree,true
973966135458716,Telugu,Telugu,agree,false
974140661688188,English,Hindi,disagree,true
974150594960208,Marathi,Marathi,agree,false
974254935233695,English,Hindi,disagree,true
974298155593175,Marathi,Marathi,agree,false
974630395474784,Gujarati,Gujarati,agree,false
974830881998836,Kannada,Kannada,agree,false
975886871718212,Tamil,Tamil,agree,false
975996065285604,Kannada,Kannada,agree,false
976317738621747,English,Hindi,disagree,true
976375551848837,Tamil,Tamil,agree,false
976415494758889,Marathi,Marathi,agree,false
976607848248590,Tamil,Tamil,agree,false
976702268037781,English,Hindi,disagree,true
977340141945135,English,Hindi,disagree,true
977961991665745,English,Hindi,disagree,true
978177095098389,Kannada,Kannada,agree,false
978446761551850,Tamil,Tamil,agree,false
978451728264533,Telugu,Telugu,agree,false
979397958248683,Telugu,Telugu,agree,false
979413024459656,Tamil,Tamil,agree,false
979450941709260,Telugu,Telugu,agree,false
979626977901900,Gujarati,Gujarati,agree,false
980294774943521,Gujarati,Gujarati,agree,false
981003261006458,Malayalam,Malayalam,agree,false
981223431511398,Bengali,Bengali,agree,false
982478627705636,Tamil,Tamil,agree,false
982746181255847,Marathi,Marathi,agree,false
982888250809737,Kannada,Kannada,agree,false
983702551010180,Tamil,Tamil,agree,false
983823350703718,Telugu,Telugu,agree,false
984634497256178,English,Hindi,disagree,true
984780324005175,Gujarati,Gujarati,agree,false
984955804324170,English,Hindi,disagree,true
984992170710940,Kannada,Kannada,agree,false
985145291157544,English,Hindi,disagree,true
985312770873625,English,Hindi,disagree,true
985576927210131,Gujarati,Gujarati,agree,false
986010943880650,English,Hindi,disagree,true
986145514360579,Marathi,Marathi,agree,false
986162187597364,Kannada,Kannada,agree,false
986294017236395,Telugu,Telugu,agree,false
986710711203181,Marathi,Marathi,agree,false
986720473719848,Marathi,Marathi,agree,false
986775453722985,Telugu,Telugu,agree,false
987241837589243,English,Hindi,disagree,true
987667137292726,Telugu,Telugu,agree,false
987831403795168,Tamil,Tamil,agree,false
988196743624288,Marathi,Marathi,agree,false
988304977213852,English,,copy_only,false
989106957021665,Marathi,Marathi,agree,false
989386253531350,English,Hindi,disagree,true
989544863558229,English,Hindi,disagree,true
989844030660981,Marathi,Marathi,agree,false
989986120264986,Kannada,Kannada,agree,false
990313726753595,Marathi,Marathi,agree,false
990347163802225,English,Hindi,disagree,true
990352297082515,Tamil,Tamil,agree,false
990521150592596,English,Hindi,disagree,true
990996126922306,Bengali,Bengali,agree,false
991175326907313,Gujarati,Gujarati,agree,false
991581486564627,Tamil,Tamil,agree,false
991969836753167,English,Hindi,disagree,true
992270790003041,Telugu,Telugu,agree,false
992334193289614,Bengali,Bengali,agree,false
992457370127075,Tamil,Tamil,agree,false
992529766655290,Kannada,Kannada,agree,false
992624103152687,Marathi,Marathi,agree,false
992672380372443,Marathi,Marathi,agree,false
993073986493551,Malayalam,Malayalam,agree,false
993101106535307,Telugu,Telugu,agree,false
993362263414101,Kannada,Kannada,agree,false
993375999725505,Telugu,Telugu,agree,false
993440616502014,Telugu,Telugu,agree,false
993558049787194,Tamil,Tamil,agree,false
993914189728348,Tamil,Tamil,agree,false
994384176872673,Marathi,Marathi,agree,false
995273783039925,English,Hindi,disagree,true
995431933016008,Telugu,Telugu,agree,false
995474763431312,Tamil,Tamil,agree,false
995961249582263,Telugu,Telugu,agree,false
996364509503732,Gujarati,Gujarati,agree,false
996773916259061,Tamil,Tamil,agree,false
996993639443770,Marathi,Marathi,agree,false
996997993257293,Tamil,Tamil,agree,false
997590829368224,Gujarati,Gujarati,agree,false
997750183151295,Marathi,Malayalam,disagree,true
997757806110067,English,Hindi,disagree,true
997772296021988,English,Hindi,disagree,true
998421769434433,English,Hindi,disagree,true
998543456028693,Kannada,Kannada,agree,false
998686606028867,Tamil,Tamil,agree,false
998718419418428,Tamil,Tamil,agree,false
999136349755639,English,Hindi,disagree,true
999638893239027,Bengali,Bengali,agree,false
999947279265885,Tamil,Tamil,agree,false
