pipeline,competitor,page_id,page_name,ad_id,media_type,language,presenter_type,device_format,production_type,first_seen,last_seen,times_seen,weeks_seen,ad_start_date,run_days,run_days_is_lower_bound,best_page_rank,worst_page_rank,median_page_rank,current_page_rank,present_latest,is_retired,page_count,frac_top_25,rank_gate,top25_gate,low_impression_ever,verdict,verdict_confidence
facebook,wispr-flow,,Wispr Flow,3662315693910482,Video,,,,,2026-05-28,2026-05-28,1,1,2026-04-03,55,False,1,1,1,1,True,False,476,1.0,True,True,False,strong_winner,high
facebook,wispr-flow,,Wispr Flow,1662376828284378,Image,,,,,2026-05-28,2026-05-28,1,1,2026-04-29,29,False,2,2,2,2,True,False,476,1.0,True,True,False,winner,high
facebook,wispr-flow,,Wispr Flow,1606915600884130,Image,,,,,2026-05-28,2026-05-28,1,1,2026-05-16,12,False,3,3,3,3,True,False,476,1.0,True,True,False,new,high
facebook,wispr-flow,,Wispr Flow,1308275597318776,Image,,,,,2026-05-28,2026-05-28,1,1,2026-05-16,12,False,4,4,4,4,True,False,476,1.0,True,True,False,new,high
facebook,wispr-flow,,Wispr Flow,2560560281008870,Video,,,,,2026-05-28,2026-05-28,1,1,2026-04-07,51,False,5,5,5,5,True,False,476,1.0,True,True,False,strong_winner,high
facebook,wispr-flow,,Wispr Flow,1274695934858096,Video,,,,,2026-05-28,2026-05-28,1,1,2026-04-05,53,False,6,6,6,6,True,False,476,1.0,True,True,False,strong_winner,high
facebook,wispr-flow,,Wispr Flow,1706333260361238,Image,,,,,2026-05-28,2026-05-28,1,1,2026-05-16,12,False,7,7,7,7,True,False,476,1.0,True,True,False,new,high
facebook,wispr-flow,,Wispr Flow,27040096928908687,Video,,,,,2026-05-28,2026-05-28,1,1,2026-04-05,53,False,8,8,8,8,True,False,476,1.0,True,True,False,strong_winner,high
facebook,wispr-flow,,Wispr Flow,1793352381634692,Image,,,,,2026-05-28,2026-05-28,1,1,2026-04-17,41,False,9,9,9,9,True,False,476,1.0,True,True,False,winner,high
facebook,wispr-flow,,Wispr Flow,1334618508565781,Image,,,,,2026-05-28,2026-05-28,1,1,2026-04-29,29,False,10,10,10,10,True,False,476,1.0,True,True,False,winner,high
facebook,wispr-flow,,Wispr Flow,1729770374849541,Image,,,,,2026-05-28,2026-05-28,1,1,2026-05-03,25,False,11,11,11,11,True,False,476,1.0,True,True,False,winner,high
facebook,wispr-flow,,Wispr Flow,1576375724042094,Image,,,,,2026-05-28,2026-05-28,1,1,2026-05-24,4,False,12,12,12,12,True,False,476,1.0,True,True,False,new,high
facebook,wispr-flow,,Wispr Flow,1501865931273199,Video,,,,,2026-05-28,2026-05-28,1,1,2026-05-15,13,False,13,13,13,13,True,False,476,1.0,True,True,False,new,high
facebook,wispr-flow,,Bryce Querubin,2292746258177295,Video,,,,,2026-05-28,2026-05-28,1,1,2026-05-21,7,False,14,14,14,14,True,False,476,1.0,True,True,False,new,high
facebook,wispr-flow,,Wispr Flow,1706997533644445,Video,,,,,2026-05-28,2026-05-28,1,1,2026-05-15,13,False,15,15,15,15,True,False,476,1.0,True,True,False,new,high
facebook,wispr-flow,,Wispr Flow,2922112728180732,Image,,,,,2026-05-28,2026-05-28,1,1,2026-05-18,10,False,16,16,16,16,True,False,476,1.0,True,True,False,new,high
facebook,wispr-flow,,Wispr Flow,1566718835460461,Image,,,,,2026-05-28,2026-05-28,1,1,2026-05-15,13,False,17,17,17,17,True,False,476,1.0,True,True,False,new,high
facebook,wispr-flow,,Wispr Flow,1649615709610057,Video,,,,,2026-05-28,2026-05-28,1,1,2026-05-15,13,False,18,18,18,18,True,False,476,1.0,True,True,False,new,high
facebook,wispr-flow,,Wispr Flow,813092931636453,Video,,,,,2026-05-28,2026-05-28,1,1,2026-05-21,7,False,19,19,19,19,True,False,476,1.0,True,True,False,new,high
facebook,wispr-flow,,Dion Does Content,833455549824302,Video,,,,,2026-05-28,2026-05-28,1,1,2026-05-23,5,False,20,20,20,20,True,False,476,1.0,True,True,False,new,high
facebook,wispr-flow,,Wispr Flow,2936171560055456,Image,,,,,2026-05-28,2026-05-28,1,1,2026-05-27,1,False,21,21,21,21,True,False,476,1.0,True,True,False,new,high
facebook,wispr-flow,,Wispr Flow,1410186047538937,Video,,,,,2026-05-28,2026-05-28,1,1,2026-05-23,5,False,22,22,22,22,True,False,476,1.0,True,True,False,new,high
facebook,wispr-flow,,Wispr Flow,1640811040476262,Image,,,,,2026-05-28,2026-05-28,1,1,2026-05-27,1,False,23,23,23,23,True,False,476,1.0,True,True,False,new,high
facebook,wispr-flow,,Wispr Flow,2152493262262632,Image,,,,,2026-05-28,2026-05-28,1,1,2026-05-18,10,False,24,24,24,24,True,False,476,1.0,True,True,False,new,high
facebook,wispr-flow,,Wispr Flow,811543085145765,Image,,,,,2026-05-28,2026-05-28,1,1,2026-05-18,10,False,25,25,25,25,True,False,476,1.0,True,True,False,new,high
facebook,wispr-flow,,Wispr Flow,1007115604994768,Image,,,,,2026-05-28,2026-05-28,1,1,2026-05-15,13,False,26,26,26,26,True,False,476,1.0,True,True,False,new,high
facebook,wispr-flow,,Bryce Querubin,1327072366036770,Video,,,,,2026-05-28,2026-05-28,1,1,2026-05-21,7,False,27,27,27,27,True,False,476,1.0,True,True,False,new,high
facebook,wispr-flow,,Wispr Flow,2169539090512694,Image,,,,,2026-05-28,2026-05-28,1,1,2026-05-18,10,False,28,28,28,28,True,False,476,1.0,True,True,False,new,high
facebook,wispr-flow,,Wispr Flow,1316066920475716,Image,,,,,2026-05-28,2026-05-28,1,1,2026-05-23,5,False,29,29,29,29,True,False,476,1.0,True,True,False,new,high
facebook,wispr-flow,,Wispr Flow,1700430384710408,Image,,,,,2026-05-28,2026-05-28,1,1,2026-05-18,10,False,30,30,30,30,True,False,476,1.0,True,True,False,new,high
facebook,wispr-flow,,Wispr Flow,1679889603157451,Video,,,,,2026-05-28,2026-05-28,1,1,2026-05-21,7,False,31,31,31,31,True,False,476,1.0,True,True,False,new,high
facebook,wispr-flow,,Wispr Flow,2151758269557506,Image,,,,,2026-05-28,2026-05-28,1,1,2026-05-27,1,False,32,32,32,32,True,False,476,1.0,True,True,False,new,high
facebook,wispr-flow,,Wispr Flow,1265112498602213,Image,,,,,2026-05-28,2026-05-28,1,1,2026-04-17,41,False,33,33,33,33,True,False,476,1.0,True,True,False,winner,high
facebook,wispr-flow,,Wispr Flow,1680340000078907,Image,,,,,2026-05-28,2026-05-28,1,1,2026-04-29,29,False,34,34,34,34,True,False,476,1.0,True,True,False,winner,high
facebook,wispr-flow,,Bryce Querubin,1547799510245830,Video,,,,,2026-05-28,2026-05-28,1,1,2026-05-23,5,False,35,35,35,35,True,False,476,1.0,True,True,False,new,high
facebook,wispr-flow,,Wispr Flow,976814981925609,Image,,,,,2026-05-28,2026-05-28,1,1,2026-05-10,18,False,36,36,36,36,True,False,476,1.0,True,True,False,winner,high
facebook,wispr-flow,,Wispr Flow,1395179515999240,Video,,,,,2026-05-28,2026-05-28,1,1,2026-05-15,13,False,37,37,37,37,True,False,476,1.0,True,True,False,new,high
facebook,wispr-flow,,Wispr Flow,1344855007551368,Video,,,,,2026-05-28,2026-05-28,1,1,2026-05-21,7,False,38,38,38,38,True,False,476,1.0,True,True,False,new,high
facebook,wispr-flow,,Wispr Flow,2124600818383377,Video,,,,,2026-05-28,2026-05-28,1,1,2026-05-21,7,False,39,39,39,39,True,False,476,1.0,True,True,False,new,high
facebook,wispr-flow,,Wispr Flow,969535065655350,Image,,,,,2026-05-28,2026-05-28,1,1,2026-04-29,29,False,40,40,40,40,True,False,476,1.0,True,True,False,winner,high
facebook,wispr-flow,,Wispr Flow,3398790000298365,Video,,,,,2026-05-28,2026-05-28,1,1,2026-05-22,6,False,41,41,41,41,True,False,476,1.0,True,True,False,new,high
facebook,wispr-flow,,Wispr Flow,1290680159494956,Video,,,,,2026-05-28,2026-05-28,1,1,2026-05-21,7,False,42,42,42,42,True,False,476,1.0,True,True,False,new,high
facebook,wispr-flow,,Wispr Flow,1304712985124608,Video,,,,,2026-05-28,2026-05-28,1,1,2026-05-22,6,False,43,43,43,43,True,False,476,1.0,True,True,False,new,high
facebook,wispr-flow,,Wispr Flow,846359314632935,Video,,,,,2026-05-28,2026-05-28,1,1,2026-05-15,13,False,44,44,44,44,True,False,476,1.0,True,True,False,new,high
facebook,wispr-flow,,Wispr Flow,1307188548234290,Image,,,,,2026-05-28,2026-05-28,1,1,2026-05-20,8,False,45,45,45,45,True,False,476,1.0,True,True,False,new,high
facebook,wispr-flow,,Wispr Flow,2051239912455354,Image,,,,,2026-05-28,2026-05-28,1,1,2026-04-17,41,False,46,46,46,46,True,False,476,1.0,True,True,False,winner,high
facebook,wispr-flow,,Fola Daini,1864869910859122,Video,,,,,2026-05-28,2026-05-28,1,1,2026-05-21,7,False,47,47,47,47,True,False,476,1.0,True,True,False,new,high
facebook,wispr-flow,,Wispr Flow,1884892045481248,Video,,,,,2026-05-28,2026-05-28,1,1,2026-05-24,4,False,48,48,48,48,True,False,476,1.0,True,True,False,new,high
facebook,wispr-flow,,Wispr Flow,2186056478900917,Video,,,,,2026-05-28,2026-05-28,1,1,2026-05-21,7,False,49,49,49,49,True,False,476,1.0,False,True,False,new,high
facebook,wispr-flow,,Wispr Flow,1648288179761448,Video,,,,,2026-05-28,2026-05-28,1,1,2026-05-23,5,False,50,50,50,50,True,False,476,1.0,False,True,False,new,high
facebook,wispr-flow,,Dion Does Content,1666379031262907,Video,,,,,2026-05-28,2026-05-28,1,1,2026-05-21,7,False,51,51,51,51,True,False,476,1.0,False,True,False,new,high
facebook,wispr-flow,,Dominicjseph,2042834266268899,Video,,,,,2026-05-28,2026-05-28,1,1,2026-05-21,7,False,52,52,52,52,True,False,476,1.0,False,True,False,new,high
facebook,wispr-flow,,Wispr Flow,1321820823242307,Image,,,,,2026-05-28,2026-05-28,1,1,2026-04-30,28,False,53,53,53,53,True,False,476,1.0,False,True,False,new,high
facebook,wispr-flow,,Wispr Flow,1908695443093591,Image,,,,,2026-05-28,2026-05-28,1,1,2026-04-25,33,False,54,54,54,54,True,False,476,1.0,False,True,False,new,high
facebook,wispr-flow,,Wispr Flow,1333845745257365,Video,,,,,2026-05-28,2026-05-28,1,1,2026-05-15,13,False,55,55,55,55,True,False,476,1.0,False,True,False,new,high
facebook,wispr-flow,,Bryce Querubin,2558183101307193,Video,,,,,2026-05-28,2026-05-28,1,1,2026-05-23,5,False,56,56,56,56,True,False,476,1.0,False,True,False,new,high
facebook,wispr-flow,,Basic Bananas Marketing Mentoring,2835607609983877,Image,,,,,2026-05-28,2026-05-28,1,1,2025-10-30,210,False,57,57,57,57,True,False,476,1.0,False,True,False,strong_winner,high
facebook,wispr-flow,,Bryce Querubin,2732353097151246,Video,,,,,2026-05-28,2026-05-28,1,1,2026-05-21,7,False,58,58,58,58,True,False,476,1.0,False,True,False,new,high
facebook,wispr-flow,,Wispr Flow,1872155040127046,Video,,,,,2026-05-28,2026-05-28,1,1,2026-05-22,6,False,59,59,59,59,True,False,476,1.0,False,True,False,new,high
facebook,wispr-flow,,Wispr Flow,2770851846614450,Video,,,,,2026-05-28,2026-05-28,1,1,2026-05-22,6,False,60,60,60,60,True,False,476,1.0,False,True,False,new,high
facebook,wispr-flow,,Bryce Querubin,1517519639959959,Video,,,,,2026-05-28,2026-05-28,1,1,2026-05-21,7,False,61,61,61,61,True,False,476,1.0,False,True,False,new,high
facebook,wispr-flow,,Wispr Flow,4093643220928515,Image,,,,,2026-05-28,2026-05-28,1,1,2026-05-23,5,False,62,62,62,62,True,False,476,1.0,False,True,False,new,high
facebook,wispr-flow,,Wispr Flow,996594529434742,Video,,,,,2026-05-28,2026-05-28,1,1,2026-05-21,7,False,63,63,63,63,True,False,476,1.0,False,True,False,new,high
facebook,wispr-flow,,Wispr Flow,1407053411186041,Image,,,,,2026-05-28,2026-05-28,1,1,2026-05-20,8,False,64,64,64,64,True,False,476,1.0,False,True,False,new,high
facebook,wispr-flow,,Wispr Flow,977082658436567,Video,,,,,2026-05-28,2026-05-28,1,1,2026-05-22,6,False,65,65,65,65,True,False,476,1.0,False,True,False,new,high
facebook,wispr-flow,,Wispr Flow,1244613431077113,Video,,,,,2026-05-28,2026-05-28,1,1,2026-05-05,23,False,66,66,66,66,True,False,476,1.0,False,True,False,new,high
facebook,wispr-flow,,Fola Daini,4535846550034570,Video,,,,,2026-05-28,2026-05-28,1,1,2026-05-21,7,False,67,67,67,67,True,False,476,1.0,False,True,False,new,high
facebook,wispr-flow,,Wispr Flow,4436238149854864,Video,,,,,2026-05-28,2026-05-28,1,1,2026-05-21,7,False,68,68,68,68,True,False,476,1.0,False,True,False,new,high
facebook,wispr-flow,,Wispr Flow,2043391093053258,Video,,,,,2026-05-28,2026-05-28,1,1,2026-05-15,13,False,69,69,69,69,True,False,476,1.0,False,True,False,new,high
facebook,wispr-flow,,Wispr Flow,2089850335192636,Image,,,,,2026-05-28,2026-05-28,1,1,2026-04-29,29,False,70,70,70,70,True,False,476,1.0,False,True,False,new,high
facebook,wispr-flow,,Wispr Flow,1283229190629431,Video,,,,,2026-05-28,2026-05-28,1,1,2026-05-21,7,False,71,71,71,71,True,False,476,1.0,False,True,False,new,high
facebook,wispr-flow,,Wispr Flow,1671995874069322,Image,,,,,2026-05-28,2026-05-28,1,1,2026-05-16,12,False,72,72,72,72,True,False,476,1.0,False,True,False,new,high
facebook,wispr-flow,,Wispr Flow,1676118757038657,Video,,,,,2026-05-28,2026-05-28,1,1,2026-05-21,7,False,73,73,73,73,True,False,476,1.0,False,True,False,new,high
facebook,wispr-flow,,Dion Does Content,1266896538851718,Video,,,,,2026-05-28,2026-05-28,1,1,2026-05-18,10,False,74,74,74,74,True,False,476,1.0,False,True,False,new,high
facebook,wispr-flow,,Wispr Flow,1003179348710919,Video,,,,,2026-05-28,2026-05-28,1,1,2026-05-05,23,False,75,75,75,75,True,False,476,1.0,False,True,False,new,high
facebook,wispr-flow,,Wispr Flow,1002523858919101,Image,,,,,2026-05-28,2026-05-28,1,1,2026-05-23,5,False,76,76,76,76,True,False,476,1.0,False,True,False,new,high
facebook,wispr-flow,,Bryce Querubin,26853065227676923,Video,,,,,2026-05-28,2026-05-28,1,1,2026-05-23,5,False,77,77,77,77,True,False,476,1.0,False,True,False,new,high
facebook,wispr-flow,,Wispr Flow,1330964142244241,Video,,,,,2026-05-28,2026-05-28,1,1,2026-05-21,7,False,78,78,78,78,True,False,476,1.0,False,True,False,new,high
facebook,wispr-flow,,Wispr Flow,1690497488636995,Video,,,,,2026-05-28,2026-05-28,1,1,2026-05-23,5,False,79,79,79,79,True,False,476,1.0,False,True,False,new,high
facebook,wispr-flow,,Wispr Flow,4235413386773154,Image,,,,,2026-05-28,2026-05-28,1,1,2026-05-15,13,False,80,80,80,80,True,False,476,1.0,False,True,False,new,high
facebook,wispr-flow,,Wispr Flow,1452317883341969,Image,,,,,2026-05-28,2026-05-28,1,1,2026-04-17,41,False,81,81,81,81,True,False,476,1.0,False,True,False,new,high
facebook,wispr-flow,,Wispr Flow,1488628986378006,Video,,,,,2026-05-28,2026-05-28,1,1,2026-05-18,10,False,82,82,82,82,True,False,476,1.0,False,True,False,new,high
facebook,wispr-flow,,Wispr Flow,1507366707840407,Image,,,,,2026-05-28,2026-05-28,1,1,2026-05-15,13,False,83,83,83,83,True,False,476,1.0,False,True,False,new,high
facebook,wispr-flow,,Wispr Flow,1505816484577671,Video,,,,,2026-05-28,2026-05-28,1,1,2026-05-23,5,False,84,84,84,84,True,False,476,1.0,False,True,False,new,high
facebook,wispr-flow,,Dion Does Content,1230808302298799,Video,,,,,2026-05-28,2026-05-28,1,1,2026-05-21,7,False,85,85,85,85,True,False,476,1.0,False,True,False,new,high
facebook,wispr-flow,,Wispr Flow,28363907486531254,Video,,,,,2026-05-28,2026-05-28,1,1,2026-05-22,6,False,86,86,86,86,True,False,476,1.0,False,True,False,new,high
facebook,wispr-flow,,Wispr Flow,1341101164603689,Video,,,,,2026-05-28,2026-05-28,1,1,2026-05-21,7,False,87,87,87,87,True,False,476,1.0,False,True,False,new,high
facebook,wispr-flow,,Wispr Flow,1394875489329016,Video,,,,,2026-05-28,2026-05-28,1,1,2026-05-22,6,False,88,88,88,88,True,False,476,1.0,False,True,False,new,high
facebook,wispr-flow,,Bryce Querubin,1473846077550038,Video,,,,,2026-05-28,2026-05-28,1,1,2026-05-21,7,False,89,89,89,89,True,False,476,1.0,False,True,False,new,high
facebook,wispr-flow,,Wispr Flow,1389245473014883,Image,,,,,2026-05-28,2026-05-28,1,1,2026-04-29,29,False,90,90,90,90,True,False,476,1.0,False,True,False,new,high
facebook,wispr-flow,,Wispr Flow,1857387648974603,Video,,,,,2026-05-28,2026-05-28,1,1,2026-05-15,13,False,91,91,91,91,True,False,476,1.0,False,True,False,new,high
facebook,wispr-flow,,Wispr Flow,987728243617910,Image,,,,,2026-05-28,2026-05-28,1,1,2026-04-17,41,False,92,92,92,92,True,False,476,1.0,False,True,False,new,high
facebook,wispr-flow,,Wispr Flow,831286949639991,Video,,,,,2026-05-28,2026-05-28,1,1,2026-05-21,7,False,93,93,93,93,True,False,476,1.0,False,True,False,new,high
facebook,wispr-flow,,Wispr Flow,778691951844405,Image,,,,,2026-05-28,2026-05-28,1,1,2026-04-29,29,False,94,94,94,94,True,False,476,1.0,False,True,False,new,high
facebook,wispr-flow,,Wispr Flow,736357786207635,Image,,,,,2026-05-28,2026-05-28,1,1,2026-05-18,10,False,95,95,95,95,True,False,476,1.0,False,True,False,new,high
facebook,wispr-flow,,Wispr Flow,1766180788089821,Video,,,,,2026-05-28,2026-05-28,1,1,2026-05-22,6,False,96,96,96,96,True,False,476,1.0,False,True,False,new,high
facebook,wispr-flow,,Bryce Querubin,2732641793773250,Video,,,,,2026-05-28,2026-05-28,1,1,2026-05-21,7,False,97,97,97,97,True,False,476,1.0,False,True,False,new,high
facebook,wispr-flow,,Wispr Flow,953817067634152,Image,,,,,2026-05-28,2026-05-28,1,1,2026-05-12,16,False,98,98,98,98,True,False,476,1.0,False,True,False,new,high
facebook,wispr-flow,,Wispr Flow,1653529422588763,Video,,,,,2026-05-28,2026-05-28,1,1,2026-05-22,6,False,99,99,99,99,True,False,476,1.0,False,True,False,new,high
facebook,wispr-flow,,Wispr Flow,4447325295586275,Image,,,,,2026-05-28,2026-05-28,1,1,2026-05-15,13,False,100,100,100,100,True,False,476,1.0,False,True,False,new,high
facebook,wispr-flow,,Wispr Flow,2417519245417895,Video,,,,,2026-05-28,2026-05-28,1,1,2026-05-23,5,False,101,101,101,101,True,False,476,1.0,False,True,False,new,high
facebook,wispr-flow,,Wispr Flow,1532309055242158,Image,,,,,2026-05-28,2026-05-28,1,1,2026-05-22,6,False,102,102,102,102,True,False,476,1.0,False,True,False,new,high
facebook,wispr-flow,,Wispr Flow,1573209414222400,Video,,,,,2026-05-28,2026-05-28,1,1,2026-05-22,6,False,103,103,103,103,True,False,476,1.0,False,True,False,new,high
facebook,wispr-flow,,Wispr Flow,1299672751710265,Video,,,,,2026-05-28,2026-05-28,1,1,2026-05-21,7,False,104,104,104,104,True,False,476,1.0,False,True,False,new,high
facebook,wispr-flow,,Wispr Flow,1789766065330509,Image,,,,,2026-05-28,2026-05-28,1,1,2026-05-15,13,False,105,105,105,105,True,False,476,1.0,False,True,False,new,high
facebook,wispr-flow,,Wispr Flow,1710498496891331,Video,,,,,2026-05-28,2026-05-28,1,1,2026-05-21,7,False,106,106,106,106,True,False,476,1.0,False,True,False,new,high
facebook,wispr-flow,,Wispr Flow,1512744190530792,Video,,,,,2026-05-28,2026-05-28,1,1,2026-05-27,1,False,107,107,107,107,True,False,476,1.0,False,True,False,new,high
facebook,wispr-flow,,Dion Does Content,1324244086252624,Video,,,,,2026-05-28,2026-05-28,1,1,2026-05-21,7,False,108,108,108,108,True,False,476,1.0,False,True,False,new,high
facebook,wispr-flow,,Dion Does Content,852905427869057,Video,,,,,2026-05-28,2026-05-28,1,1,2026-05-23,5,False,109,109,109,109,True,False,476,1.0,False,True,False,new,high
facebook,wispr-flow,,Wispr Flow,1650274326098141,Video,,,,,2026-05-28,2026-05-28,1,1,2026-05-21,7,False,110,110,110,110,True,False,476,1.0,False,True,False,new,high
facebook,wispr-flow,,Wispr Flow,1213777460734259,Image,,,,,2026-05-28,2026-05-28,1,1,2026-05-22,6,False,111,111,111,111,True,False,476,1.0,False,True,False,new,high
facebook,wispr-flow,,Wispr Flow,1664156547958622,Image,,,,,2026-05-28,2026-05-28,1,1,2026-05-15,13,False,112,112,112,112,True,False,476,1.0,False,True,False,new,high
facebook,wispr-flow,,Wispr Flow,1653406269221996,Video,,,,,2026-05-28,2026-05-28,1,1,2026-05-21,7,False,113,113,113,113,True,False,476,1.0,False,True,False,new,high
facebook,wispr-flow,,Wispr Flow,4570173356640395,Image,,,,,2026-05-28,2026-05-28,1,1,2026-05-18,10,False,114,114,114,114,True,False,476,1.0,False,True,False,new,high
facebook,wispr-flow,,Wispr Flow,2402770113563221,Video,,,,,2026-05-28,2026-05-28,1,1,2026-05-21,7,False,115,115,115,115,True,False,476,1.0,False,True,False,new,high
facebook,wispr-flow,,Wispr Flow,25627006063641773,Image,,,,,2026-05-28,2026-05-28,1,1,2026-04-17,41,False,116,116,116,116,True,False,476,1.0,False,True,False,new,high
facebook,wispr-flow,,Wispr Flow,1338416851516422,Image,,,,,2026-05-28,2026-05-28,1,1,2026-05-15,13,False,117,117,117,117,True,False,476,1.0,False,True,False,new,high
facebook,wispr-flow,,Wispr Flow,1690940302047579,Image,,,,,2026-05-28,2026-05-28,1,1,2026-05-18,10,False,118,118,118,118,True,False,476,1.0,False,True,False,new,high
facebook,wispr-flow,,Dion Does Content,2122878071825151,Video,,,,,2026-05-28,2026-05-28,1,1,2026-05-21,7,False,119,119,119,119,True,False,476,1.0,False,True,False,new,high
facebook,wispr-flow,,Wispr Flow,1000838749475246,Video,,,,,2026-05-28,2026-05-28,1,1,2026-05-21,7,False,120,120,120,120,True,False,476,0.0,False,False,False,new,high
facebook,wispr-flow,,Dion Does Content,988070633918039,Video,,,,,2026-05-28,2026-05-28,1,1,2026-05-24,4,False,121,121,121,121,True,False,476,0.0,False,False,False,new,high
facebook,wispr-flow,,Wispr Flow,3482883728559587,Video,,,,,2026-05-28,2026-05-28,1,1,2026-05-15,13,False,122,122,122,122,True,False,476,0.0,False,False,False,new,high
facebook,wispr-flow,,Dion Does Content,1465202198203162,Video,,,,,2026-05-28,2026-05-28,1,1,2026-05-21,7,False,123,123,123,123,True,False,476,0.0,False,False,False,new,high
facebook,wispr-flow,,Wispr Flow,2504655613302155,Video,,,,,2026-05-28,2026-05-28,1,1,2026-05-21,7,False,124,124,124,124,True,False,476,0.0,False,False,False,new,high
facebook,wispr-flow,,Wispr Flow,1304930827640000,Image,,,,,2026-05-28,2026-05-28,1,1,2026-05-15,13,False,125,125,125,125,True,False,476,0.0,False,False,False,new,high
facebook,wispr-flow,,Dion Does Content,963873423308072,Video,,,,,2026-05-28,2026-05-28,1,1,2026-05-21,7,False,126,126,126,126,True,False,476,0.0,False,False,False,new,high
facebook,wispr-flow,,Wispr Flow,1348451947202496,Video,,,,,2026-05-28,2026-05-28,1,1,2026-05-22,6,False,127,127,127,127,True,False,476,0.0,False,False,False,new,high
facebook,wispr-flow,,Wispr Flow,1502135684947381,Video,,,,,2026-05-28,2026-05-28,1,1,2026-05-22,6,False,128,128,128,128,True,False,476,0.0,False,False,False,new,high
facebook,wispr-flow,,Wispr Flow,1629992708068632,Video,,,,,2026-05-28,2026-05-28,1,1,2026-05-22,6,False,129,129,129,129,True,False,476,0.0,False,False,False,new,high
facebook,wispr-flow,,Wispr Flow,849926281487625,Video,,,,,2026-05-28,2026-05-28,1,1,2026-05-21,7,False,130,130,130,130,True,False,476,0.0,False,False,False,new,high
facebook,wispr-flow,,Wispr Flow,1769589530676290,Image,,,,,2026-05-28,2026-05-28,1,1,2026-05-18,10,False,131,131,131,131,True,False,476,0.0,False,False,False,new,high
facebook,wispr-flow,,Wispr Flow,1894343737944061,Video,,,,,2026-05-28,2026-05-28,1,1,2026-05-21,7,False,132,132,132,132,True,False,476,0.0,False,False,False,new,high
facebook,wispr-flow,,Wispr Flow,1496629299149131,Video,,,,,2026-05-28,2026-05-28,1,1,2026-05-21,7,False,133,133,133,133,True,False,476,0.0,False,False,False,new,high
facebook,wispr-flow,,Wispr Flow,1168519741972828,Image,,,,,2026-05-28,2026-05-28,1,1,2026-04-17,41,False,134,134,134,134,True,False,476,0.0,False,False,False,new,high
facebook,wispr-flow,,Wispr Flow,2164552131032487,Image,,,,,2026-05-28,2026-05-28,1,1,2026-05-03,25,False,135,135,135,135,True,False,476,0.0,False,False,False,new,high
facebook,wispr-flow,,Bryce Querubin,2024721988254064,Video,,,,,2026-05-28,2026-05-28,1,1,2026-05-21,7,False,136,136,136,136,True,False,476,0.0,False,False,False,new,high
facebook,wispr-flow,,Wispr Flow,831050683019062,Video,,,,,2026-05-28,2026-05-28,1,1,2026-05-21,7,False,137,137,137,137,True,False,476,0.0,False,False,False,new,high
facebook,wispr-flow,,Dion Does Content,1659440741978591,Video,,,,,2026-05-28,2026-05-28,1,1,2026-05-21,7,False,138,138,138,138,True,False,476,0.0,False,False,False,new,high
facebook,wispr-flow,,Bryce Querubin,2119253888654752,Video,,,,,2026-05-28,2026-05-28,1,1,2026-05-21,7,False,139,139,139,139,True,False,476,0.0,False,False,False,new,high
facebook,wispr-flow,,Wispr Flow,1472379261037057,Image,,,,,2026-05-28,2026-05-28,1,1,2026-05-18,10,False,140,140,140,140,True,False,476,0.0,False,False,False,new,high
facebook,wispr-flow,,Wispr Flow,1474647687730449,Image,,,,,2026-05-28,2026-05-28,1,1,2026-05-15,13,False,141,141,141,141,True,False,476,0.0,False,False,False,new,high
facebook,wispr-flow,,Wispr Flow,1613872029715012,Image,,,,,2026-05-28,2026-05-28,1,1,2026-05-27,1,False,142,142,142,142,True,False,476,0.0,False,False,False,new,high
facebook,wispr-flow,,Wispr Flow,993887699889806,Video,,,,,2026-05-28,2026-05-28,1,1,2026-05-21,7,False,143,143,143,143,True,False,476,0.0,False,False,False,new,high
facebook,wispr-flow,,Wispr Flow,1711610066512320,Video,,,,,2026-05-28,2026-05-28,1,1,2026-05-23,5,False,144,144,144,144,True,False,476,0.0,False,False,False,new,high
facebook,wispr-flow,,Wispr Flow,2084499892108477,Video,,,,,2026-05-28,2026-05-28,1,1,2026-05-18,10,False,145,145,145,145,True,False,476,0.0,False,False,False,new,high
facebook,wispr-flow,,Wispr Flow,1949617632324117,Image,,,,,2026-05-28,2026-05-28,1,1,2026-04-17,41,False,146,146,146,146,True,False,476,0.0,False,False,False,new,high
facebook,wispr-flow,,Wispr Flow,26296350260044370,Image,,,,,2026-05-28,2026-05-28,1,1,2026-05-15,13,False,147,147,147,147,True,False,476,0.0,False,False,False,new,high
facebook,wispr-flow,,Wispr Flow,767796019658058,Video,,,,,2026-05-28,2026-05-28,1,1,2026-05-22,6,False,148,148,148,148,True,False,476,0.0,False,False,False,new,high
facebook,wispr-flow,,Wispr Flow,1630983688019061,Image,,,,,2026-05-28,2026-05-28,1,1,2026-04-17,41,False,149,149,149,149,True,False,476,0.0,False,False,False,new,high
facebook,wispr-flow,,Wispr Flow,836902862366291,Video,,,,,2026-05-28,2026-05-28,1,1,2026-05-21,7,False,150,150,150,150,True,False,476,0.0,False,False,False,new,high
facebook,wispr-flow,,Dion Does Content,999613062571788,Video,,,,,2026-05-28,2026-05-28,1,1,2026-05-21,7,False,151,151,151,151,True,False,476,0.0,False,False,False,new,high
facebook,wispr-flow,,Wispr Flow,1008277438210393,Video,,,,,2026-05-28,2026-05-28,1,1,2026-05-21,7,False,152,152,152,152,True,False,476,0.0,False,False,False,new,high
facebook,wispr-flow,,Dion Does Content,1514844143419145,Video,,,,,2026-05-28,2026-05-28,1,1,2026-05-21,7,False,153,153,153,153,True,False,476,0.0,False,False,False,new,high
facebook,wispr-flow,,Wispr Flow,1575558140951930,Video,,,,,2026-05-28,2026-05-28,1,1,2026-05-22,6,False,154,154,154,154,True,False,476,0.0,False,False,False,new,high
facebook,wispr-flow,,Wispr Flow,1457795429720362,Video,,,,,2026-05-28,2026-05-28,1,1,2026-05-21,7,False,155,155,155,155,True,False,476,0.0,False,False,False,new,high
facebook,wispr-flow,,Wispr Flow,1644842533399361,Image,,,,,2026-05-28,2026-05-28,1,1,2026-05-18,10,False,156,156,156,156,True,False,476,0.0,False,False,False,new,high
facebook,wispr-flow,,Wispr Flow,829943616823793,Image,,,,,2026-05-28,2026-05-28,1,1,2026-05-15,13,False,157,157,157,157,True,False,476,0.0,False,False,False,new,high
facebook,wispr-flow,,Bryce Querubin,1307707194110436,Video,,,,,2026-05-28,2026-05-28,1,1,2026-05-21,7,False,158,158,158,158,True,False,476,0.0,False,False,False,new,high
facebook,wispr-flow,,Wispr Flow,1347312157244411,Video,,,,,2026-05-28,2026-05-28,1,1,2026-05-23,5,False,159,159,159,159,True,False,476,0.0,False,False,False,new,high
facebook,wispr-flow,,Wispr Flow,1721178389296475,Image,,,,,2026-05-28,2026-05-28,1,1,2026-05-18,10,False,160,160,160,160,True,False,476,0.0,False,False,False,new,high
facebook,wispr-flow,,Wispr Flow,1781458526560240,Image,,,,,2026-05-28,2026-05-28,1,1,2026-05-23,5,False,161,161,161,161,True,False,476,0.0,False,False,False,new,high
facebook,wispr-flow,,Wispr Flow,868494942244631,Video,,,,,2026-05-28,2026-05-28,1,1,2026-05-23,5,False,162,162,162,162,True,False,476,0.0,False,False,False,new,high
facebook,wispr-flow,,Wispr Flow,2210336443061066,Image,,,,,2026-05-28,2026-05-28,1,1,2026-05-18,10,False,163,163,163,163,True,False,476,0.0,False,False,False,new,high
facebook,wispr-flow,,Wispr Flow,2082253205967465,Image,,,,,2026-05-28,2026-05-28,1,1,2026-05-15,13,False,164,164,164,164,True,False,476,0.0,False,False,False,new,high
facebook,wispr-flow,,Dion Does Content,1674744247102852,Video,,,,,2026-05-28,2026-05-28,1,1,2026-05-22,6,False,165,165,165,165,True,False,476,0.0,False,False,False,new,high
facebook,wispr-flow,,Wispr Flow,1888210885110974,Image,,,,,2026-05-28,2026-05-28,1,1,2026-05-23,5,False,166,166,166,166,True,False,476,0.0,False,False,False,new,high
facebook,wispr-flow,,Wispr Flow,2078334223081418,Image,,,,,2026-05-28,2026-05-28,1,1,2026-04-30,28,False,167,167,167,167,True,False,476,0.0,False,False,False,new,high
facebook,wispr-flow,,Wispr Flow,1690288628956827,Video,,,,,2026-05-28,2026-05-28,1,1,2026-05-23,5,False,168,168,168,168,True,False,476,0.0,False,False,False,new,high
facebook,wispr-flow,,Wispr Flow,4297648813878804,Image,,,,,2026-05-28,2026-05-28,1,1,2026-05-14,14,False,169,169,169,169,True,False,476,0.0,False,False,False,new,high
facebook,wispr-flow,,Wispr Flow,965590616346605,Video,,,,,2026-05-28,2026-05-28,1,1,2026-05-23,5,False,170,170,170,170,True,False,476,0.0,False,False,False,new,high
facebook,wispr-flow,,Wispr Flow,4399399116992624,Video,,,,,2026-05-28,2026-05-28,1,1,2026-05-22,6,False,171,171,171,171,True,False,476,0.0,False,False,False,new,high
facebook,wispr-flow,,Wispr Flow,26578956815133786,Video,,,,,2026-05-28,2026-05-28,1,1,2026-05-21,7,False,172,172,172,172,True,False,476,0.0,False,False,False,new,high
facebook,wispr-flow,,Wispr Flow,992038293776025,Video,,,,,2026-05-28,2026-05-28,1,1,2026-05-05,23,False,173,173,173,173,True,False,476,0.0,False,False,False,new,high
facebook,wispr-flow,,Bryce Querubin,1545342520554361,Video,,,,,2026-05-28,2026-05-28,1,1,2026-05-23,5,False,174,174,174,174,True,False,476,0.0,False,False,False,new,high
facebook,wispr-flow,,Dan Martell,1664643048177567,Carousel,,,,,2026-05-28,2026-05-28,1,1,2026-05-23,5,False,175,175,175,175,True,False,476,0.0,False,False,False,new,high
facebook,wispr-flow,,Wispr Flow,1313063437468973,Video,,,,,2026-05-28,2026-05-28,1,1,2026-05-18,10,False,176,176,176,176,True,False,476,0.0,False,False,False,new,high
facebook,wispr-flow,,Dion Does Content,2907797752900359,Video,,,,,2026-05-28,2026-05-28,1,1,2026-05-21,7,False,177,177,177,177,True,False,476,0.0,False,False,False,new,high
facebook,wispr-flow,,Wispr Flow,3110551179133059,Video,,,,,2026-05-28,2026-05-28,1,1,2026-05-21,7,False,178,178,178,178,True,False,476,0.0,False,False,False,new,high
facebook,wispr-flow,,Wispr Flow,4086432868320778,Image,,,,,2026-05-28,2026-05-28,1,1,2026-04-30,28,False,179,179,179,179,True,False,476,0.0,False,False,False,new,high
facebook,wispr-flow,,Wispr Flow,967677179397099,Video,,,,,2026-05-28,2026-05-28,1,1,2026-05-21,7,False,180,180,180,180,True,False,476,0.0,False,False,False,new,high
facebook,wispr-flow,,Wispr Flow,1534273534755094,Video,,,,,2026-05-28,2026-05-28,1,1,2026-05-21,7,False,181,181,181,181,True,False,476,0.0,False,False,False,new,high
facebook,wispr-flow,,Wispr Flow,2078216392740498,Image,,,,,2026-05-28,2026-05-28,1,1,2026-05-18,10,False,182,182,182,182,True,False,476,0.0,False,False,False,new,high
facebook,wispr-flow,,Wispr Flow,2225304311630453,Image,,,,,2026-05-28,2026-05-28,1,1,2026-05-15,13,False,183,183,183,183,True,False,476,0.0,False,False,False,new,high
facebook,wispr-flow,,Wispr Flow,1395320139283491,Video,,,,,2026-05-28,2026-05-28,1,1,2026-05-21,7,False,184,184,184,184,True,False,476,0.0,False,False,False,new,high
facebook,wispr-flow,,Dion Does Content,2011638906393051,Video,,,,,2026-05-28,2026-05-28,1,1,2026-05-21,7,False,185,185,185,185,True,False,476,0.0,False,False,False,new,high
facebook,wispr-flow,,Wispr Flow,1519993253052122,Image,,,,,2026-05-28,2026-05-28,1,1,2026-05-15,13,False,186,186,186,186,True,False,476,0.0,False,False,False,new,high
facebook,wispr-flow,,Wispr Flow,1307431290729921,Image,,,,,2026-05-28,2026-05-28,1,1,2026-05-15,13,False,187,187,187,187,True,False,476,0.0,False,False,False,new,high
facebook,wispr-flow,,Wispr Flow,1297642861998332,Video,,,,,2026-05-28,2026-05-28,1,1,2026-05-23,5,False,188,188,188,188,True,False,476,0.0,False,False,False,new,high
facebook,wispr-flow,,Reselle,967758139096013,Image,,,,,2026-05-28,2026-05-28,1,1,2026-04-30,28,False,189,189,189,189,True,False,476,0.0,False,False,False,new,high
facebook,wispr-flow,,Wispr Flow,1957249268287320,Image,,,,,2026-05-28,2026-05-28,1,1,2026-05-12,16,False,190,190,190,190,True,False,476,0.0,False,False,False,new,high
facebook,wispr-flow,,Bryce Querubin,1466557791940649,Video,,,,,2026-05-28,2026-05-28,1,1,2026-05-22,6,False,191,191,191,191,True,False,476,0.0,False,False,False,new,high
facebook,wispr-flow,,Dion Does Content,1018315570618531,Video,,,,,2026-05-28,2026-05-28,1,1,2026-05-21,7,False,192,192,192,192,True,False,476,0.0,False,False,False,new,high
facebook,wispr-flow,,Wispr Flow,2220276032124660,Image,,,,,2026-05-28,2026-05-28,1,1,2026-05-15,13,False,193,193,193,193,True,False,476,0.0,False,False,False,new,high
facebook,wispr-flow,,Wispr Flow,872676911783297,Video,,,,,2026-05-28,2026-05-28,1,1,2026-05-21,7,False,194,194,194,194,True,False,476,0.0,False,False,False,new,high
facebook,wispr-flow,,Wispr Flow,822770594245538,Video,,,,,2026-05-28,2026-05-28,1,1,2026-05-21,7,False,195,195,195,195,True,False,476,0.0,False,False,False,new,high
facebook,wispr-flow,,Wispr Flow,2192062011197722,Video,,,,,2026-05-28,2026-05-28,1,1,2026-05-23,5,False,196,196,196,196,True,False,476,0.0,False,False,False,new,high
facebook,wispr-flow,,Wispr Flow,1285569029603660,Image,,,,,2026-05-28,2026-05-28,1,1,2026-04-17,41,False,197,197,197,197,True,False,476,0.0,False,False,False,new,high
facebook,wispr-flow,,Wispr Flow,976644315127989,Video,,,,,2026-05-28,2026-05-28,1,1,2026-05-24,4,False,198,198,198,198,True,False,476,0.0,False,False,False,new,high
facebook,wispr-flow,,Wispr Flow,956167000382209,Video,,,,,2026-05-28,2026-05-28,1,1,2026-05-21,7,False,199,199,199,199,True,False,476,0.0,False,False,False,new,high
facebook,wispr-flow,,Wispr Flow,27769694415953681,Video,,,,,2026-05-28,2026-05-28,1,1,2026-05-21,7,False,200,200,200,200,True,False,476,0.0,False,False,False,new,high
facebook,wispr-flow,,Wispr Flow,999768679663949,Video,,,,,2026-05-28,2026-05-28,1,1,2026-05-21,7,False,201,201,201,201,True,False,476,0.0,False,False,False,new,high
facebook,wispr-flow,,Wispr Flow,1378250434135755,Video,,,,,2026-05-28,2026-05-28,1,1,2026-05-21,7,False,202,202,202,202,True,False,476,0.0,False,False,False,new,high
facebook,wispr-flow,,Wispr Flow,2589191581496421,Video,,,,,2026-05-28,2026-05-28,1,1,2026-05-21,7,False,203,203,203,203,True,False,476,0.0,False,False,False,new,high
facebook,wispr-flow,,Wispr Flow,2048519246099318,Video,,,,,2026-05-28,2026-05-28,1,1,2026-05-21,7,False,204,204,204,204,True,False,476,0.0,False,False,False,new,high
facebook,wispr-flow,,Wispr Flow,1335436018528237,Video,,,,,2026-05-28,2026-05-28,1,1,2026-05-21,7,False,205,205,205,205,True,False,476,0.0,False,False,False,new,high
facebook,wispr-flow,,Wispr Flow,1693650765117984,Video,,,,,2026-05-28,2026-05-28,1,1,2026-05-21,7,False,206,206,206,206,True,False,476,0.0,False,False,False,new,high
facebook,wispr-flow,,Bryce Querubin,1422241006596275,Video,,,,,2026-05-28,2026-05-28,1,1,2026-05-21,7,False,207,207,207,207,True,False,476,0.0,False,False,False,new,high
facebook,wispr-flow,,Wispr Flow,1506096514359130,Video,,,,,2026-05-28,2026-05-28,1,1,2026-05-21,7,False,208,208,208,208,True,False,476,0.0,False,False,False,new,high
facebook,wispr-flow,,Bryce Querubin,1328231482705036,Video,,,,,2026-05-28,2026-05-28,1,1,2026-05-22,6,False,209,209,209,209,True,False,476,0.0,False,False,False,new,high
facebook,wispr-flow,,Wispr Flow,1625555125168516,Video,,,,,2026-05-28,2026-05-28,1,1,2026-05-21,7,False,210,210,210,210,True,False,476,0.0,False,False,False,new,high
facebook,wispr-flow,,Wispr Flow,1511018107035710,Video,,,,,2026-05-28,2026-05-28,1,1,2026-05-21,7,False,211,211,211,211,True,False,476,0.0,False,False,False,new,high
facebook,wispr-flow,,Wispr Flow,1475576313559918,Video,,,,,2026-05-28,2026-05-28,1,1,2026-05-22,6,False,212,212,212,212,True,False,476,0.0,False,False,False,new,high
facebook,wispr-flow,,Wispr Flow,2452008935277426,Video,,,,,2026-05-28,2026-05-28,1,1,2026-05-21,7,False,213,213,213,213,True,False,476,0.0,False,False,False,new,high
facebook,wispr-flow,,Wispr Flow,2057704855158545,Video,,,,,2026-05-28,2026-05-28,1,1,2026-05-21,7,False,214,214,214,214,True,False,476,0.0,False,False,False,new,high
facebook,wispr-flow,,Wispr Flow,1626951528610165,Video,,,,,2026-05-28,2026-05-28,1,1,2026-05-21,7,False,215,215,215,215,True,False,476,0.0,False,False,False,new,high
facebook,wispr-flow,,Dion Does Content,1506064064391726,Video,,,,,2026-05-28,2026-05-28,1,1,2026-05-24,4,False,216,216,216,216,True,False,476,0.0,False,False,False,new,high
facebook,wispr-flow,,Wispr Flow,1218671753547509,Video,,,,,2026-05-28,2026-05-28,1,1,2026-05-21,7,False,217,217,217,217,True,False,476,0.0,False,False,False,new,high
facebook,wispr-flow,,Wispr Flow,1249200367294137,Image,,,,,2026-05-28,2026-05-28,1,1,2026-05-15,13,False,218,218,218,218,True,False,476,0.0,False,False,False,new,high
facebook,wispr-flow,,Dion Does Content,1458287982290511,Video,,,,,2026-05-28,2026-05-28,1,1,2026-05-21,7,False,219,219,219,219,True,False,476,0.0,False,False,False,new,high
facebook,wispr-flow,,Wispr Flow,2643031549458709,Image,,,,,2026-05-28,2026-05-28,1,1,2026-05-18,10,False,220,220,220,220,True,False,476,0.0,False,False,False,new,high
facebook,wispr-flow,,Wispr Flow,1949715605678668,Image,,,,,2026-05-28,2026-05-28,1,1,2026-05-18,10,False,221,221,221,221,True,False,476,0.0,False,False,False,new,high
facebook,wispr-flow,,Wispr Flow,2115243479041912,Video,,,,,2026-05-28,2026-05-28,1,1,2026-05-21,7,False,222,222,222,222,True,False,476,0.0,False,False,False,new,high
facebook,wispr-flow,,Wispr Flow,1906852649972064,Image,,,,,2026-05-28,2026-05-28,1,1,2026-05-15,13,False,223,223,223,223,True,False,476,0.0,False,False,False,new,high
facebook,wispr-flow,,Wispr Flow,1644181246698688,Video,,,,,2026-05-28,2026-05-28,1,1,2026-05-21,7,False,224,224,224,224,True,False,476,0.0,False,False,False,new,high
facebook,wispr-flow,,Wispr Flow,1058193627387168,Video,,,,,2026-05-28,2026-05-28,1,1,2026-05-21,7,False,225,225,225,225,True,False,476,0.0,False,False,False,new,high
facebook,wispr-flow,,Dion Does Content,1530019845227310,Video,,,,,2026-05-28,2026-05-28,1,1,2026-05-22,6,False,226,226,226,226,True,False,476,0.0,False,False,False,new,high
facebook,wispr-flow,,Wispr Flow,1706834640451505,Video,,,,,2026-05-28,2026-05-28,1,1,2026-05-21,7,False,227,227,227,227,True,False,476,0.0,False,False,False,new,high
facebook,wispr-flow,,Wispr Flow,2541412699632590,Video,,,,,2026-05-28,2026-05-28,1,1,2026-05-24,4,False,228,228,228,228,True,False,476,0.0,False,False,False,new,high
facebook,wispr-flow,,Wispr Flow,1320698123600855,Video,,,,,2026-05-28,2026-05-28,1,1,2026-05-21,7,False,229,229,229,229,True,False,476,0.0,False,False,False,new,high
facebook,wispr-flow,,Wispr Flow,985496133894370,Video,,,,,2026-05-28,2026-05-28,1,1,2026-05-21,7,False,230,230,230,230,True,False,476,0.0,False,False,False,new,high
facebook,wispr-flow,,Wispr Flow,1495051495368238,Image,,,,,2026-05-28,2026-05-28,1,1,2026-04-29,29,False,231,231,231,231,True,False,476,0.0,False,False,False,new,high
facebook,wispr-flow,,Wispr Flow,1027111360001443,Video,,,,,2026-05-28,2026-05-28,1,1,2026-05-22,6,False,232,232,232,232,True,False,476,0.0,False,False,False,new,high
facebook,wispr-flow,,Wispr Flow,816379641295078,Video,,,,,2026-05-28,2026-05-28,1,1,2026-05-23,5,False,233,233,233,233,True,False,476,0.0,False,False,False,new,high
facebook,wispr-flow,,Wispr Flow,1031277119430910,Image,,,,,2026-05-28,2026-05-28,1,1,2026-05-18,10,False,234,234,234,234,True,False,476,0.0,False,False,False,new,high
facebook,wispr-flow,,Wispr Flow,2200442530707859,Video,,,,,2026-05-28,2026-05-28,1,1,2026-05-21,7,False,235,235,235,235,True,False,476,0.0,False,False,False,new,high
facebook,wispr-flow,,Wispr Flow,991452353289221,Video,,,,,2026-05-28,2026-05-28,1,1,2026-05-18,10,False,236,236,236,236,True,False,476,0.0,False,False,False,new,high
facebook,wispr-flow,,Wispr Flow,1522128662969277,Video,,,,,2026-05-28,2026-05-28,1,1,2026-05-21,7,False,237,237,237,237,True,False,476,0.0,False,False,False,new,high
facebook,wispr-flow,,Wispr Flow,779017941808368,Image,,,,,2026-05-28,2026-05-28,1,1,2026-04-29,29,False,238,238,238,238,True,False,476,0.0,False,False,False,new,high
facebook,wispr-flow,,Wispr Flow,2467773930362439,Video,,,,,2026-05-28,2026-05-28,1,1,2026-05-22,6,False,239,239,239,239,True,False,476,0.0,False,False,False,new,high
facebook,wispr-flow,,Wispr Flow,861069807026182,Video,,,,,2026-05-28,2026-05-28,1,1,2026-05-21,7,False,240,240,240,240,True,False,476,0.0,False,False,False,new,high
facebook,wispr-flow,,Wispr Flow,1520649129665426,Video,,,,,2026-05-28,2026-05-28,1,1,2026-05-23,5,False,241,241,241,241,True,False,476,0.0,False,False,False,new,high
facebook,wispr-flow,,Wispr Flow,1499832728262493,Image,,,,,2026-05-28,2026-05-28,1,1,2026-04-25,33,False,242,242,242,242,True,False,476,0.0,False,False,False,new,high
facebook,wispr-flow,,Wispr Flow,3209703732565022,Image,,,,,2026-05-28,2026-05-28,1,1,2026-05-15,13,False,243,243,243,243,True,False,476,0.0,False,False,False,new,high
facebook,wispr-flow,,Wispr Flow,1345485144104370,Video,,,,,2026-05-28,2026-05-28,1,1,2026-05-21,7,False,244,244,244,244,True,False,476,0.0,False,False,False,new,high
facebook,wispr-flow,,Wispr Flow,2921813558166857,Image,,,,,2026-05-28,2026-05-28,1,1,2026-04-29,29,False,245,245,245,245,True,False,476,0.0,False,False,False,new,high
facebook,wispr-flow,,Wispr Flow,1898113890892128,Image,,,,,2026-05-28,2026-05-28,1,1,2026-05-15,13,False,246,246,246,246,True,False,476,0.0,False,False,False,new,high
facebook,wispr-flow,,Wispr Flow,2028956641380465,Video,,,,,2026-05-28,2026-05-28,1,1,2026-05-21,7,False,247,247,247,247,True,False,476,0.0,False,False,False,new,high
facebook,wispr-flow,,Wispr Flow,2038970610166024,Image,,,,,2026-05-28,2026-05-28,1,1,2026-05-20,8,False,248,248,248,248,True,False,476,0.0,False,False,False,new,high
facebook,wispr-flow,,Wispr Flow,4449955445286631,Video,,,,,2026-05-28,2026-05-28,1,1,2026-05-21,7,False,249,249,249,249,True,False,476,0.0,False,False,False,new,high
facebook,wispr-flow,,Dan Martell,2046399032578125,Carousel,,,,,2026-05-28,2026-05-28,1,1,2026-05-23,5,False,250,250,250,250,True,False,476,0.0,False,False,False,new,high
facebook,wispr-flow,,Wispr Flow,1413499927486042,Video,,,,,2026-05-28,2026-05-28,1,1,2026-05-21,7,False,251,251,251,251,True,False,476,0.0,False,False,False,new,high
facebook,wispr-flow,,Wispr Flow,1531644281691946,Image,,,,,2026-05-28,2026-05-28,1,1,2026-04-25,33,False,252,252,252,252,True,False,476,0.0,False,False,False,new,high
facebook,wispr-flow,,Wispr Flow,994323369773281,Video,,,,,2026-05-28,2026-05-28,1,1,2026-05-21,7,False,253,253,253,253,True,False,476,0.0,False,False,False,new,high
facebook,wispr-flow,,Wispr Flow,1334894005201388,Video,,,,,2026-05-28,2026-05-28,1,1,2026-05-21,7,False,254,254,254,254,True,False,476,0.0,False,False,False,new,high
facebook,wispr-flow,,Wispr Flow,883869928058894,Video,,,,,2026-05-28,2026-05-28,1,1,2026-05-21,7,False,255,255,255,255,True,False,476,0.0,False,False,False,new,high
facebook,wispr-flow,,Wispr Flow,991614283225178,Video,,,,,2026-05-28,2026-05-28,1,1,2026-05-23,5,False,256,256,256,256,True,False,476,0.0,False,False,False,new,high
facebook,wispr-flow,,Wispr Flow,1742474416928086,Video,,,,,2026-05-28,2026-05-28,1,1,2026-05-21,7,False,257,257,257,257,True,False,476,0.0,False,False,False,new,high
facebook,wispr-flow,,Wispr Flow,1413543764136761,Video,,,,,2026-05-28,2026-05-28,1,1,2026-05-21,7,False,258,258,258,258,True,False,476,0.0,False,False,False,new,high
facebook,wispr-flow,,Wispr Flow,4329482780633323,Video,,,,,2026-05-28,2026-05-28,1,1,2026-05-22,6,False,259,259,259,259,True,False,476,0.0,False,False,False,new,high
facebook,wispr-flow,,Wispr Flow,1468669864379536,Video,,,,,2026-05-28,2026-05-28,1,1,2026-05-21,7,False,260,260,260,260,True,False,476,0.0,False,False,False,new,high
facebook,wispr-flow,,Wispr Flow,27090274347291909,Video,,,,,2026-05-28,2026-05-28,1,1,2026-05-23,5,False,261,261,261,261,True,False,476,0.0,False,False,False,new,high
facebook,wispr-flow,,Dan Martell,932472703114618,Carousel,,,,,2026-05-28,2026-05-28,1,1,2026-05-23,5,False,262,262,262,262,True,False,476,0.0,False,False,False,new,high
facebook,wispr-flow,,Wispr Flow,1518962062915602,Video,,,,,2026-05-28,2026-05-28,1,1,2026-05-22,6,False,263,263,263,263,True,False,476,0.0,False,False,False,new,high
facebook,wispr-flow,,Wispr Flow,1777829876522997,Video,,,,,2026-05-28,2026-05-28,1,1,2026-05-23,5,False,264,264,264,264,True,False,476,0.0,False,False,False,new,high
facebook,wispr-flow,,Wispr Flow,1476251200968359,Video,,,,,2026-05-28,2026-05-28,1,1,2026-05-21,7,False,265,265,265,265,True,False,476,0.0,False,False,False,new,high
facebook,wispr-flow,,Wispr Flow,1519449926514198,Image,,,,,2026-05-28,2026-05-28,1,1,2026-05-15,13,False,266,266,266,266,True,False,476,0.0,False,False,False,new,high
facebook,wispr-flow,,Wispr Flow,737568652748461,Video,,,,,2026-05-28,2026-05-28,1,1,2026-05-21,7,False,267,267,267,267,True,False,476,0.0,False,False,False,new,high
facebook,wispr-flow,,Wispr Flow,984591057764568,Image,,,,,2026-05-28,2026-05-28,1,1,2026-05-15,13,False,268,268,268,268,True,False,476,0.0,False,False,False,new,high
facebook,wispr-flow,,Wispr Flow,1610711050015123,Video,,,,,2026-05-28,2026-05-28,1,1,2026-05-18,10,False,269,269,269,269,True,False,476,0.0,False,False,False,new,high
facebook,wispr-flow,,Wispr Flow,1511699417218878,Video,,,,,2026-05-28,2026-05-28,1,1,2026-05-22,6,False,270,270,270,270,True,False,476,0.0,False,False,False,new,high
facebook,wispr-flow,,Wispr Flow,1493576399191050,Video,,,,,2026-05-28,2026-05-28,1,1,2026-05-21,7,False,271,271,271,271,True,False,476,0.0,False,False,False,new,high
facebook,wispr-flow,,Wispr Flow,967575696101853,Video,,,,,2026-05-28,2026-05-28,1,1,2026-05-21,7,False,272,272,272,272,True,False,476,0.0,False,False,False,new,high
facebook,wispr-flow,,Wispr Flow,1462024831867901,Video,,,,,2026-05-28,2026-05-28,1,1,2026-05-21,7,False,273,273,273,273,True,False,476,0.0,False,False,False,new,high
facebook,wispr-flow,,Wispr Flow,2074295093462029,Image,,,,,2026-05-28,2026-05-28,1,1,2026-05-18,10,False,274,274,274,274,True,False,476,0.0,False,False,False,new,high
facebook,wispr-flow,,Wispr Flow,983902797669874,Video,,,,,2026-05-28,2026-05-28,1,1,2026-05-21,7,False,275,275,275,275,True,False,476,0.0,False,False,False,new,high
facebook,wispr-flow,,Wispr Flow,1696174794914986,Video,,,,,2026-05-28,2026-05-28,1,1,2026-05-23,5,False,276,276,276,276,True,False,476,0.0,False,False,False,new,high
facebook,wispr-flow,,Wispr Flow,1621028679007922,Video,,,,,2026-05-28,2026-05-28,1,1,2026-05-23,5,False,277,277,277,277,True,False,476,0.0,False,False,False,new,high
facebook,wispr-flow,,Wispr Flow,1433413138553184,Video,,,,,2026-05-28,2026-05-28,1,1,2026-05-21,7,False,278,278,278,278,True,False,476,0.0,False,False,False,new,high
facebook,wispr-flow,,Wispr Flow,1678808119834291,Video,,,,,2026-05-28,2026-05-28,1,1,2026-05-21,7,False,279,279,279,279,True,False,476,0.0,False,False,False,new,high
facebook,wispr-flow,,Dion Does Content,2474135039736662,Video,,,,,2026-05-28,2026-05-28,1,1,2026-05-22,6,False,280,280,280,280,True,False,476,0.0,False,False,False,new,high
facebook,wispr-flow,,Wispr Flow,1691799135604942,Video,,,,,2026-05-28,2026-05-28,1,1,2026-05-23,5,False,281,281,281,281,True,False,476,0.0,False,False,False,new,high
facebook,wispr-flow,,Wispr Flow,1310877167913494,Video,,,,,2026-05-28,2026-05-28,1,1,2026-05-22,6,False,282,282,282,282,True,False,476,0.0,False,False,False,new,high
facebook,wispr-flow,,Wispr Flow,1497936665346556,Video,,,,,2026-05-28,2026-05-28,1,1,2026-05-21,7,False,283,283,283,283,True,False,476,0.0,False,False,False,new,high
facebook,wispr-flow,,Wispr Flow,27904360405834066,Image,,,,,2026-05-28,2026-05-28,1,1,2026-05-15,13,False,284,284,284,284,True,False,476,0.0,False,False,False,new,high
facebook,wispr-flow,,Wispr Flow,1534672114676637,Video,,,,,2026-05-28,2026-05-28,1,1,2026-05-22,6,False,285,285,285,285,True,False,476,0.0,False,False,False,new,high
facebook,wispr-flow,,Wispr Flow,1949742758976213,Video,,,,,2026-05-28,2026-05-28,1,1,2026-05-22,6,False,286,286,286,286,True,False,476,0.0,False,False,False,new,high
facebook,wispr-flow,,Wispr Flow,1660739288493384,Video,,,,,2026-05-28,2026-05-28,1,1,2026-05-23,5,False,287,287,287,287,True,False,476,0.0,False,False,False,new,high
facebook,wispr-flow,,Wispr Flow,983158950746121,Video,,,,,2026-05-28,2026-05-28,1,1,2026-05-22,6,False,288,288,288,288,True,False,476,0.0,False,False,False,new,high
facebook,wispr-flow,,Wispr Flow,2027662171162149,Video,,,,,2026-05-28,2026-05-28,1,1,2026-05-22,6,False,289,289,289,289,True,False,476,0.0,False,False,False,new,high
facebook,wispr-flow,,Wispr Flow,892492527230932,Video,,,,,2026-05-28,2026-05-28,1,1,2026-05-21,7,False,290,290,290,290,True,False,476,0.0,False,False,False,new,high
facebook,wispr-flow,,Wispr Flow,828161967038694,Video,,,,,2026-05-28,2026-05-28,1,1,2026-05-21,7,False,291,291,291,291,True,False,476,0.0,False,False,False,new,high
facebook,wispr-flow,,Wispr Flow,947408351458226,Video,,,,,2026-05-28,2026-05-28,1,1,2026-05-23,5,False,292,292,292,292,True,False,476,0.0,False,False,False,new,high
facebook,wispr-flow,,Wispr Flow,2868493926832289,Video,,,,,2026-05-28,2026-05-28,1,1,2026-05-21,7,False,293,293,293,293,True,False,476,0.0,False,False,False,new,high
facebook,wispr-flow,,Wispr Flow,929557383420921,Video,,,,,2026-05-28,2026-05-28,1,1,2026-05-22,6,False,294,294,294,294,True,False,476,0.0,False,False,False,new,high
facebook,wispr-flow,,Wispr Flow,4574721712814597,Video,,,,,2026-05-28,2026-05-28,1,1,2026-05-21,7,False,295,295,295,295,True,False,476,0.0,False,False,False,new,high
facebook,wispr-flow,,Wispr Flow,1857049418321058,Video,,,,,2026-05-28,2026-05-28,1,1,2026-05-22,6,False,296,296,296,296,True,False,476,0.0,False,False,False,new,high
facebook,wispr-flow,,Wispr Flow,1908577629821787,Video,,,,,2026-05-28,2026-05-28,1,1,2026-05-21,7,False,297,297,297,297,True,False,476,0.0,False,False,False,new,high
facebook,wispr-flow,,Wispr Flow,2170903863694343,Video,,,,,2026-05-28,2026-05-28,1,1,2026-05-24,4,False,298,298,298,298,True,False,476,0.0,False,False,False,new,high
facebook,wispr-flow,,Wispr Flow,1452497216627357,Image,,,,,2026-05-28,2026-05-28,1,1,2026-05-22,6,False,299,299,299,299,True,False,476,0.0,False,False,False,new,high
facebook,wispr-flow,,Wispr Flow,1598311961241782,Video,,,,,2026-05-28,2026-05-28,1,1,2026-05-21,7,False,300,300,300,300,True,False,476,0.0,False,False,False,new,high
facebook,wispr-flow,,Wispr Flow,1888658678609655,Video,,,,,2026-05-28,2026-05-28,1,1,2026-05-21,7,False,301,301,301,301,True,False,476,0.0,False,False,False,new,high
facebook,wispr-flow,,Wispr Flow,1378435157436690,Video,,,,,2026-05-28,2026-05-28,1,1,2026-05-23,5,False,302,302,302,302,True,False,476,0.0,False,False,False,new,high
facebook,wispr-flow,,Wispr Flow,1924902181518532,Video,,,,,2026-05-28,2026-05-28,1,1,2026-05-21,7,False,303,303,303,303,True,False,476,0.0,False,False,False,new,high
facebook,wispr-flow,,Wispr Flow,2769795570072002,Video,,,,,2026-05-28,2026-05-28,1,1,2026-05-22,6,False,304,304,304,304,True,False,476,0.0,False,False,False,new,high
facebook,wispr-flow,,Wispr Flow,1499125685238269,Video,,,,,2026-05-28,2026-05-28,1,1,2026-05-21,7,False,305,305,305,305,True,False,476,0.0,False,False,False,new,high
facebook,wispr-flow,,Wispr Flow,3207293352790207,Video,,,,,2026-05-28,2026-05-28,1,1,2026-05-21,7,False,306,306,306,306,True,False,476,0.0,False,False,False,new,high
facebook,wispr-flow,,Wispr Flow,2235266710555783,Video,,,,,2026-05-28,2026-05-28,1,1,2026-05-21,7,False,307,307,307,307,True,False,476,0.0,False,False,False,new,high
facebook,wispr-flow,,Wispr Flow,1686884242354492,Video,,,,,2026-05-28,2026-05-28,1,1,2026-05-21,7,False,308,308,308,308,True,False,476,0.0,False,False,False,new,high
facebook,wispr-flow,,Wispr Flow,1502335084723654,Video,,,,,2026-05-28,2026-05-28,1,1,2026-05-21,7,False,309,309,309,309,True,False,476,0.0,False,False,False,new,high
facebook,wispr-flow,,Wispr Flow,1964986724386543,Video,,,,,2026-05-28,2026-05-28,1,1,2026-05-22,6,False,310,310,310,310,True,False,476,0.0,False,False,False,new,high
facebook,wispr-flow,,Wispr Flow,943973065359364,Video,,,,,2026-05-28,2026-05-28,1,1,2026-05-21,7,False,311,311,311,311,True,False,476,0.0,False,False,False,new,high
facebook,wispr-flow,,Wispr Flow,2389191254910998,Image,,,,,2026-05-28,2026-05-28,1,1,2026-05-24,4,False,312,312,312,312,True,False,476,0.0,False,False,False,new,high
facebook,wispr-flow,,Wispr Flow,992423906715997,Video,,,,,2026-05-28,2026-05-28,1,1,2026-05-21,7,False,313,313,313,313,True,False,476,0.0,False,False,False,new,high
facebook,wispr-flow,,Wispr Flow,1477832580746522,Video,,,,,2026-05-28,2026-05-28,1,1,2026-05-23,5,False,314,314,314,314,True,False,476,0.0,False,False,False,new,high
facebook,wispr-flow,,Wispr Flow,2147797252827132,Video,,,,,2026-05-28,2026-05-28,1,1,2026-05-21,7,False,315,315,315,315,True,False,476,0.0,False,False,False,new,high
facebook,wispr-flow,,Wispr Flow,1549644453183539,Video,,,,,2026-05-28,2026-05-28,1,1,2026-05-21,7,False,316,316,316,316,True,False,476,0.0,False,False,False,new,high
facebook,wispr-flow,,Wispr Flow,1295371085523432,Video,,,,,2026-05-28,2026-05-28,1,1,2026-05-22,6,False,317,317,317,317,True,False,476,0.0,False,False,False,new,high
facebook,wispr-flow,,Wispr Flow,1549167540129258,Video,,,,,2026-05-28,2026-05-28,1,1,2026-05-22,6,False,318,318,318,318,True,False,476,0.0,False,False,False,new,high
facebook,wispr-flow,,Wispr Flow,948729364657598,Video,,,,,2026-05-28,2026-05-28,1,1,2026-05-21,7,False,319,319,319,319,True,False,476,0.0,False,False,False,new,high
facebook,wispr-flow,,Wispr Flow,2557690094675307,Video,,,,,2026-05-28,2026-05-28,1,1,2026-05-21,7,False,320,320,320,320,True,False,476,0.0,False,False,False,new,high
facebook,wispr-flow,,Wispr Flow,2194651654409607,Video,,,,,2026-05-28,2026-05-28,1,1,2026-05-21,7,False,321,321,321,321,True,False,476,0.0,False,False,False,new,high
facebook,wispr-flow,,Wispr Flow,983841690672063,Video,,,,,2026-05-28,2026-05-28,1,1,2026-05-24,4,False,322,322,322,322,True,False,476,0.0,False,False,False,new,high
facebook,wispr-flow,,Wispr Flow,1461470485264629,Video,,,,,2026-05-28,2026-05-28,1,1,2026-05-21,7,False,323,323,323,323,True,False,476,0.0,False,False,False,new,high
facebook,wispr-flow,,Wispr Flow,1037505808631947,Video,,,,,2026-05-28,2026-05-28,1,1,2026-05-21,7,False,324,324,324,324,True,False,476,0.0,False,False,False,new,high
facebook,wispr-flow,,Wispr Flow,816586577939145,Video,,,,,2026-05-28,2026-05-28,1,1,2026-05-21,7,False,325,325,325,325,True,False,476,0.0,False,False,False,new,high
facebook,wispr-flow,,Wispr Flow,1295577742655066,Image,,,,,2026-05-28,2026-05-28,1,1,2026-05-22,6,False,326,326,326,326,True,False,476,0.0,False,False,False,new,high
facebook,wispr-flow,,Wispr Flow,940462522150429,Video,,,,,2026-05-28,2026-05-28,1,1,2026-05-21,7,False,327,327,327,327,True,False,476,0.0,False,False,False,new,high
facebook,wispr-flow,,Wispr Flow,1290223629926787,Video,,,,,2026-05-28,2026-05-28,1,1,2026-05-21,7,False,328,328,328,328,True,False,476,0.0,False,False,False,new,high
facebook,wispr-flow,,Wispr Flow,1727545088601187,Video,,,,,2026-05-28,2026-05-28,1,1,2026-05-21,7,False,329,329,329,329,True,False,476,0.0,False,False,False,new,high
facebook,wispr-flow,,Wispr Flow,2960873554305370,Video,,,,,2026-05-28,2026-05-28,1,1,2026-05-21,7,False,330,330,330,330,True,False,476,0.0,False,False,False,new,high
facebook,wispr-flow,,Wispr Flow,2025050618885441,Video,,,,,2026-05-28,2026-05-28,1,1,2026-05-21,7,False,331,331,331,331,True,False,476,0.0,False,False,False,new,high
facebook,wispr-flow,,Wispr Flow,1607584684044291,Video,,,,,2026-05-28,2026-05-28,1,1,2026-05-21,7,False,332,332,332,332,True,False,476,0.0,False,False,False,new,high
facebook,wispr-flow,,Wispr Flow,1308475204582398,Video,,,,,2026-05-28,2026-05-28,1,1,2026-05-21,7,False,333,333,333,333,True,False,476,0.0,False,False,False,new,high
facebook,wispr-flow,,Wispr Flow,1539875584430396,Video,,,,,2026-05-28,2026-05-28,1,1,2026-05-21,7,False,334,334,334,334,True,False,476,0.0,False,False,False,new,high
facebook,wispr-flow,,Wispr Flow,985787091044413,Video,,,,,2026-05-28,2026-05-28,1,1,2026-05-21,7,False,335,335,335,335,True,False,476,0.0,False,False,False,new,high
facebook,wispr-flow,,Wispr Flow,953638304177454,Video,,,,,2026-05-28,2026-05-28,1,1,2026-05-21,7,False,336,336,336,336,True,False,476,0.0,False,False,False,new,high
facebook,wispr-flow,,Wispr Flow,2060064134862080,Video,,,,,2026-05-28,2026-05-28,1,1,2026-05-22,6,False,337,337,337,337,True,False,476,0.0,False,False,False,new,high
facebook,wispr-flow,,Wispr Flow,1342307254418309,Video,,,,,2026-05-28,2026-05-28,1,1,2026-05-21,7,False,338,338,338,338,True,False,476,0.0,False,False,False,new,high
facebook,wispr-flow,,Wispr Flow,27398894966383006,Video,,,,,2026-05-28,2026-05-28,1,1,2026-05-24,4,False,339,339,339,339,True,False,476,0.0,False,False,False,new,high
facebook,wispr-flow,,Wispr Flow,2547505089034308,Video,,,,,2026-05-28,2026-05-28,1,1,2026-05-21,7,False,340,340,340,340,True,False,476,0.0,False,False,False,new,high
facebook,wispr-flow,,Wispr Flow,815625301370555,Video,,,,,2026-05-28,2026-05-28,1,1,2026-05-24,4,False,341,341,341,341,True,False,476,0.0,False,False,False,new,high
facebook,wispr-flow,,Wispr Flow,1518858149750346,Video,,,,,2026-05-28,2026-05-28,1,1,2026-05-21,7,False,342,342,342,342,True,False,476,0.0,False,False,False,new,high
facebook,wispr-flow,,Wispr Flow,1544130163903814,Video,,,,,2026-05-28,2026-05-28,1,1,2026-05-21,7,False,343,343,343,343,True,False,476,0.0,False,False,False,new,high
facebook,wispr-flow,,Wispr Flow,990858730087103,Video,,,,,2026-05-28,2026-05-28,1,1,2026-05-21,7,False,344,344,344,344,True,False,476,0.0,False,False,False,new,high
facebook,wispr-flow,,Wispr Flow,2062242474690866,Video,,,,,2026-05-28,2026-05-28,1,1,2026-05-24,4,False,345,345,345,345,True,False,476,0.0,False,False,False,new,high
facebook,wispr-flow,,Wispr Flow,1698144861211771,Video,,,,,2026-05-28,2026-05-28,1,1,2026-05-27,1,False,346,346,346,346,True,False,476,0.0,False,False,False,new,high
facebook,wispr-flow,,Wispr Flow,963462113257266,Video,,,,,2026-05-28,2026-05-28,1,1,2026-05-21,7,False,347,347,347,347,True,False,476,0.0,False,False,False,new,high
facebook,wispr-flow,,Wispr Flow,956292073891297,Image,,,,,2026-05-28,2026-05-28,1,1,2026-05-22,6,False,348,348,348,348,True,False,476,0.0,False,False,False,new,high
facebook,wispr-flow,,Wispr Flow,983523291091628,Video,,,,,2026-05-28,2026-05-28,1,1,2026-05-22,6,False,349,349,349,349,True,False,476,0.0,False,False,False,new,high
facebook,wispr-flow,,Wispr Flow,2600437180358995,Video,,,,,2026-05-28,2026-05-28,1,1,2026-05-21,7,False,350,350,350,350,True,False,476,0.0,False,False,False,new,high
facebook,wispr-flow,,Wispr Flow,1017236537527668,Video,,,,,2026-05-28,2026-05-28,1,1,2026-05-22,6,False,351,351,351,351,True,False,476,0.0,False,False,False,new,high
facebook,wispr-flow,,Wispr Flow,2084439705767681,Video,,,,,2026-05-28,2026-05-28,1,1,2026-05-21,7,False,352,352,352,352,True,False,476,0.0,False,False,False,new,high
facebook,wispr-flow,,Wispr Flow,1886477468685414,Video,,,,,2026-05-28,2026-05-28,1,1,2026-05-22,6,False,353,353,353,353,True,False,476,0.0,False,False,False,new,high
facebook,wispr-flow,,Wispr Flow,2050250089227404,Video,,,,,2026-05-28,2026-05-28,1,1,2026-05-21,7,False,354,354,354,354,True,False,476,0.0,False,False,False,new,high
facebook,wispr-flow,,Wispr Flow,958149217222266,Video,,,,,2026-05-28,2026-05-28,1,1,2026-05-21,7,False,355,355,355,355,True,False,476,0.0,False,False,False,new,high
facebook,wispr-flow,,Wispr Flow,2238394246914659,Video,,,,,2026-05-28,2026-05-28,1,1,2026-05-21,7,False,356,356,356,356,True,False,476,0.0,False,False,False,new,high
facebook,wispr-flow,,Wispr Flow,2033346344252062,Video,,,,,2026-05-28,2026-05-28,1,1,2026-05-22,6,False,357,357,357,357,True,False,476,0.0,False,False,False,new,high
facebook,wispr-flow,,Wispr Flow,2533668657085886,Video,,,,,2026-05-28,2026-05-28,1,1,2026-05-24,4,False,358,358,358,358,True,False,476,0.0,False,False,False,new,high
facebook,wispr-flow,,Wispr Flow,2015933762609484,Video,,,,,2026-05-28,2026-05-28,1,1,2026-05-21,7,False,359,359,359,359,True,False,476,0.0,False,False,False,new,high
facebook,wispr-flow,,Wispr Flow,993997806512770,Video,,,,,2026-05-28,2026-05-28,1,1,2026-05-21,7,False,360,360,360,360,True,False,476,0.0,False,False,False,new,high
facebook,wispr-flow,,Wispr Flow,1486233319667270,Video,,,,,2026-05-28,2026-05-28,1,1,2026-05-21,7,False,361,361,361,361,True,False,476,0.0,False,False,False,new,high
facebook,wispr-flow,,Click Vibe Media,930919783186924,Image,,,,,2026-05-28,2026-05-28,1,1,2026-04-06,52,False,362,362,362,362,True,False,476,0.0,False,False,False,new,high
facebook,wispr-flow,,Wispr Flow,973271205414719,Image,,,,,2026-05-28,2026-05-28,1,1,2026-05-22,6,False,363,363,363,363,True,False,476,0.0,False,False,False,new,high
facebook,wispr-flow,,Wispr Flow,1314290944138060,Video,,,,,2026-05-28,2026-05-28,1,1,2026-05-21,7,False,364,364,364,364,True,False,476,0.0,False,False,False,new,high
facebook,wispr-flow,,Wispr Flow,1863423987685707,Video,,,,,2026-05-28,2026-05-28,1,1,2026-05-21,7,False,365,365,365,365,True,False,476,0.0,False,False,False,new,high
facebook,wispr-flow,,Wispr Flow,1001345232259119,Video,,,,,2026-05-28,2026-05-28,1,1,2026-05-21,7,False,366,366,366,366,True,False,476,0.0,False,False,False,new,high
facebook,wispr-flow,,Wispr Flow,1617796385979485,Video,,,,,2026-05-28,2026-05-28,1,1,2026-05-21,7,False,367,367,367,367,True,False,476,0.0,False,False,False,new,high
facebook,wispr-flow,,Wispr Flow,844976064839994,Video,,,,,2026-05-28,2026-05-28,1,1,2026-05-21,7,False,368,368,368,368,True,False,476,0.0,False,False,False,new,high
facebook,wispr-flow,,Wispr Flow,3235037933341735,Video,,,,,2026-05-28,2026-05-28,1,1,2026-05-21,7,False,369,369,369,369,True,False,476,0.0,False,False,False,new,high
facebook,wispr-flow,,Wispr Flow,2384185045437404,Video,,,,,2026-05-28,2026-05-28,1,1,2026-05-21,7,False,370,370,370,370,True,False,476,0.0,False,False,False,new,high
facebook,wispr-flow,,Wispr Flow,1628339884888095,Video,,,,,2026-05-28,2026-05-28,1,1,2026-05-21,7,False,371,371,371,371,True,False,476,0.0,False,False,False,new,high
facebook,wispr-flow,,Wispr Flow,1309362284501239,Video,,,,,2026-05-28,2026-05-28,1,1,2026-05-21,7,False,372,372,372,372,True,False,476,0.0,False,False,False,new,high
facebook,wispr-flow,,Wispr Flow,1000288645783962,Video,,,,,2026-05-28,2026-05-28,1,1,2026-05-22,6,False,373,373,373,373,True,False,476,0.0,False,False,False,new,high
facebook,wispr-flow,,Wispr Flow,2548523478938206,Image,,,,,2026-05-28,2026-05-28,1,1,2026-05-22,6,False,374,374,374,374,True,False,476,0.0,False,False,False,new,high
facebook,wispr-flow,,Wispr Flow,1372734824906812,Video,,,,,2026-05-28,2026-05-28,1,1,2026-05-21,7,False,375,375,375,375,True,False,476,0.0,False,False,False,new,high
facebook,wispr-flow,,Wispr Flow,2032467807619458,Video,,,,,2026-05-28,2026-05-28,1,1,2026-05-21,7,False,376,376,376,376,True,False,476,0.0,False,False,False,new,high
facebook,wispr-flow,,Wispr Flow,1289363819981492,Video,,,,,2026-05-28,2026-05-28,1,1,2026-05-21,7,False,377,377,377,377,True,False,476,0.0,False,False,False,new,high
facebook,wispr-flow,,Wispr Flow,26717877824551596,Video,,,,,2026-05-28,2026-05-28,1,1,2026-05-21,7,False,378,378,378,378,True,False,476,0.0,False,False,False,new,high
facebook,wispr-flow,,Wispr Flow,1281880330819874,Video,,,,,2026-05-28,2026-05-28,1,1,2026-05-22,6,False,379,379,379,379,True,False,476,0.0,False,False,False,new,high
facebook,wispr-flow,,Wispr Flow,998480062729694,Video,,,,,2026-05-28,2026-05-28,1,1,2026-05-21,7,False,380,380,380,380,True,False,476,0.0,False,False,False,new,high
facebook,wispr-flow,,Wispr Flow,1542232330948541,Video,,,,,2026-05-28,2026-05-28,1,1,2026-05-21,7,False,381,381,381,381,True,False,476,0.0,False,False,False,new,high
facebook,wispr-flow,,Wispr Flow,2074116963459232,Video,,,,,2026-05-28,2026-05-28,1,1,2026-05-21,7,False,382,382,382,382,True,False,476,0.0,False,False,False,new,high
facebook,wispr-flow,,Wispr Flow,1563409292021287,Video,,,,,2026-05-28,2026-05-28,1,1,2026-05-21,7,False,383,383,383,383,True,False,476,0.0,False,False,False,new,high
facebook,wispr-flow,,Wispr Flow,1646075290029714,Video,,,,,2026-05-28,2026-05-28,1,1,2026-05-27,1,False,384,384,384,384,True,False,476,0.0,False,False,False,new,high
facebook,wispr-flow,,Wispr Flow,870037275385972,Video,,,,,2026-05-28,2026-05-28,1,1,2026-05-21,7,False,385,385,385,385,True,False,476,0.0,False,False,False,new,high
facebook,wispr-flow,,Wispr Flow,1551419969746805,Video,,,,,2026-05-28,2026-05-28,1,1,2026-05-21,7,False,386,386,386,386,True,False,476,0.0,False,False,False,new,high
facebook,wispr-flow,,Wispr Flow,2531700740617284,Video,,,,,2026-05-28,2026-05-28,1,1,2026-05-22,6,False,387,387,387,387,True,False,476,0.0,False,False,False,new,high
facebook,wispr-flow,,Wispr Flow,1766320354351957,Video,,,,,2026-05-28,2026-05-28,1,1,2026-05-22,6,False,388,388,388,388,True,False,476,0.0,False,False,False,new,high
facebook,wispr-flow,,Wispr Flow,1017222057530962,Video,,,,,2026-05-28,2026-05-28,1,1,2026-05-24,4,False,389,389,389,389,True,False,476,0.0,False,False,False,new,high
facebook,wispr-flow,,Wispr Flow,1526877048960805,Video,,,,,2026-05-28,2026-05-28,1,1,2026-05-21,7,False,390,390,390,390,True,False,476,0.0,False,False,False,new,high
facebook,wispr-flow,,Wispr Flow,1540230911052913,Video,,,,,2026-05-28,2026-05-28,1,1,2026-05-21,7,False,391,391,391,391,True,False,476,0.0,False,False,False,new,high
facebook,wispr-flow,,Wispr Flow,977250445165070,Video,,,,,2026-05-28,2026-05-28,1,1,2026-05-22,6,False,392,392,392,392,True,False,476,0.0,False,False,False,new,high
facebook,wispr-flow,,Wispr Flow,1506877364384373,Video,,,,,2026-05-28,2026-05-28,1,1,2026-05-21,7,False,393,393,393,393,True,False,476,0.0,False,False,False,new,high
facebook,wispr-flow,,Wispr Flow,875398298926655,Video,,,,,2026-05-28,2026-05-28,1,1,2026-05-21,7,False,394,394,394,394,True,False,476,0.0,False,False,False,new,high
facebook,wispr-flow,,Wispr Flow,1587705206318336,Video,,,,,2026-05-28,2026-05-28,1,1,2026-05-22,6,False,395,395,395,395,True,False,476,0.0,False,False,False,new,high
facebook,wispr-flow,,Wispr Flow,949620311281038,Video,,,,,2026-05-28,2026-05-28,1,1,2026-05-22,6,False,396,396,396,396,True,False,476,0.0,False,False,False,new,high
facebook,wispr-flow,,Wispr Flow,2400772063779012,Video,,,,,2026-05-28,2026-05-28,1,1,2026-05-21,7,False,397,397,397,397,True,False,476,0.0,False,False,False,new,high
facebook,wispr-flow,,Wispr Flow,1042850444950034,Video,,,,,2026-05-28,2026-05-28,1,1,2026-05-21,7,False,398,398,398,398,True,False,476,0.0,False,False,False,new,high
facebook,wispr-flow,,Wispr Flow,1482446469451194,Video,,,,,2026-05-28,2026-05-28,1,1,2026-05-21,7,False,399,399,399,399,True,False,476,0.0,False,False,False,new,high
facebook,wispr-flow,,Wispr Flow,2475844162838428,Video,,,,,2026-05-28,2026-05-28,1,1,2026-05-22,6,False,400,400,400,400,True,False,476,0.0,False,False,False,new,high
facebook,wispr-flow,,Wispr Flow,1649374036283329,Video,,,,,2026-05-28,2026-05-28,1,1,2026-05-21,7,False,401,401,401,401,True,False,476,0.0,False,False,False,new,high
facebook,wispr-flow,,Wispr Flow,1672378080475047,Video,,,,,2026-05-28,2026-05-28,1,1,2026-05-22,6,False,402,402,402,402,True,False,476,0.0,False,False,False,new,high
facebook,wispr-flow,,Wispr Flow,1767494654630526,Video,,,,,2026-05-28,2026-05-28,1,1,2026-05-21,7,False,403,403,403,403,True,False,476,0.0,False,False,False,new,high
facebook,wispr-flow,,Wispr Flow,1699363347763773,Video,,,,,2026-05-28,2026-05-28,1,1,2026-05-22,6,False,404,404,404,404,True,False,476,0.0,False,False,False,new,high
facebook,wispr-flow,,Wispr Flow,1950325292273958,Video,,,,,2026-05-28,2026-05-28,1,1,2026-05-21,7,False,405,405,405,405,True,False,476,0.0,False,False,False,new,high
facebook,wispr-flow,,Wispr Flow,1772038357092256,Video,,,,,2026-05-28,2026-05-28,1,1,2026-05-22,6,False,406,406,406,406,True,False,476,0.0,False,False,False,new,high
facebook,wispr-flow,,Wispr Flow,2063698844186455,Video,,,,,2026-05-28,2026-05-28,1,1,2026-05-21,7,False,407,407,407,407,True,False,476,0.0,False,False,False,new,high
facebook,wispr-flow,,Wispr Flow,989759103922877,Video,,,,,2026-05-28,2026-05-28,1,1,2026-05-21,7,False,408,408,408,408,True,False,476,0.0,False,False,False,new,high
facebook,wispr-flow,,Wispr Flow,1703702597645451,Video,,,,,2026-05-28,2026-05-28,1,1,2026-05-22,6,False,409,409,409,409,True,False,476,0.0,False,False,False,new,high
facebook,wispr-flow,,Wispr Flow,2220603608682887,Video,,,,,2026-05-28,2026-05-28,1,1,2026-05-21,7,False,410,410,410,410,True,False,476,0.0,False,False,False,new,high
facebook,wispr-flow,,Wispr Flow,1571019874379818,Video,,,,,2026-05-28,2026-05-28,1,1,2026-05-22,6,False,411,411,411,411,True,False,476,0.0,False,False,False,new,high
facebook,wispr-flow,,Wispr Flow,1534531005061404,Video,,,,,2026-05-28,2026-05-28,1,1,2026-05-21,7,False,412,412,412,412,True,False,476,0.0,False,False,False,new,high
facebook,wispr-flow,,Wispr Flow,3837235089905572,Video,,,,,2026-05-28,2026-05-28,1,1,2026-05-22,6,False,413,413,413,413,True,False,476,0.0,False,False,False,new,high
facebook,wispr-flow,,Wispr Flow,1691469665609261,Video,,,,,2026-05-28,2026-05-28,1,1,2026-05-21,7,False,414,414,414,414,True,False,476,0.0,False,False,False,new,high
facebook,wispr-flow,,Wispr Flow,1231311415597698,Video,,,,,2026-05-28,2026-05-28,1,1,2026-05-22,6,False,415,415,415,415,True,False,476,0.0,False,False,False,new,high
facebook,wispr-flow,,Wispr Flow,911767428564079,Video,,,,,2026-05-28,2026-05-28,1,1,2026-05-22,6,False,416,416,416,416,True,False,476,0.0,False,False,False,new,high
facebook,wispr-flow,,Wispr Flow,1357334192911322,Video,,,,,2026-05-28,2026-05-28,1,1,2026-05-22,6,False,417,417,417,417,True,False,476,0.0,False,False,False,new,high
facebook,wispr-flow,,Wispr Flow,1547426376984036,Video,,,,,2026-05-28,2026-05-28,1,1,2026-05-21,7,False,418,418,418,418,True,False,476,0.0,False,False,False,new,high
facebook,wispr-flow,,Wispr Flow,1516876816814846,Video,,,,,2026-05-28,2026-05-28,1,1,2026-05-22,6,False,419,419,419,419,True,False,476,0.0,False,False,False,new,high
facebook,wispr-flow,,Wispr Flow,1109622268903320,Video,,,,,2026-05-28,2026-05-28,1,1,2026-05-22,6,False,420,420,420,420,True,False,476,0.0,False,False,False,new,high
facebook,wispr-flow,,Wispr Flow,819896004527409,Video,,,,,2026-05-28,2026-05-28,1,1,2026-05-21,7,False,421,421,421,421,True,False,476,0.0,False,False,False,new,high
facebook,wispr-flow,,Wispr Flow,1471462244163599,Video,,,,,2026-05-28,2026-05-28,1,1,2026-05-22,6,False,422,422,422,422,True,False,476,0.0,False,False,False,new,high
facebook,wispr-flow,,Wispr Flow,2045783839342704,Video,,,,,2026-05-28,2026-05-28,1,1,2026-05-21,7,False,423,423,423,423,True,False,476,0.0,False,False,True,new,high
facebook,wispr-flow,,Wispr Flow,4224391227812215,Video,,,,,2026-05-28,2026-05-28,1,1,2026-05-22,6,False,424,424,424,424,True,False,476,0.0,False,False,False,new,high
facebook,wispr-flow,,Wispr Flow,1547156103734323,Video,,,,,2026-05-28,2026-05-28,1,1,2026-05-27,1,False,425,425,425,425,True,False,476,0.0,False,False,False,new,high
facebook,wispr-flow,,Wispr Flow,958778383738431,Video,,,,,2026-05-28,2026-05-28,1,1,2026-05-21,7,False,426,426,426,426,True,False,476,0.0,False,False,False,new,high
facebook,wispr-flow,,Wispr Flow,2318718265321924,Video,,,,,2026-05-28,2026-05-28,1,1,2026-05-21,7,False,427,427,427,427,True,False,476,0.0,False,False,True,new,high
facebook,wispr-flow,,Wispr Flow,1524272802396834,Video,,,,,2026-05-28,2026-05-28,1,1,2026-05-21,7,False,428,428,428,428,True,False,476,0.0,False,False,True,new,high
facebook,wispr-flow,,Wispr Flow,977302141671203,Video,,,,,2026-05-28,2026-05-28,1,1,2026-05-23,5,False,429,429,429,429,True,False,476,0.0,False,False,True,new,high
facebook,wispr-flow,,Wispr Flow,982344277882625,Video,,,,,2026-05-28,2026-05-28,1,1,2026-05-22,6,False,430,430,430,430,True,False,476,0.0,False,False,True,new,high
facebook,wispr-flow,,Wispr Flow,1300562598849283,Video,,,,,2026-05-28,2026-05-28,1,1,2026-05-21,7,False,431,431,431,431,True,False,476,0.0,False,False,True,new,high
facebook,wispr-flow,,Wispr Flow,2182985802457364,Video,,,,,2026-05-28,2026-05-28,1,1,2026-05-21,7,False,432,432,432,432,True,False,476,0.0,False,False,True,new,high
facebook,wispr-flow,,Wispr Flow,3903169566651958,Video,,,,,2026-05-28,2026-05-28,1,1,2026-05-21,7,False,433,433,433,433,True,False,476,0.0,False,False,True,new,high
facebook,wispr-flow,,Wispr Flow,1306909370884974,Video,,,,,2026-05-28,2026-05-28,1,1,2026-05-21,7,False,434,434,434,434,True,False,476,0.0,False,False,True,new,high
facebook,wispr-flow,,Wispr Flow,1483581310175072,Video,,,,,2026-05-28,2026-05-28,1,1,2026-05-22,6,False,435,435,435,435,True,False,476,0.0,False,False,True,new,high
facebook,wispr-flow,,Wispr Flow,2516847602098739,Video,,,,,2026-05-28,2026-05-28,1,1,2026-05-21,7,False,436,436,436,436,True,False,476,0.0,False,False,True,new,high
facebook,wispr-flow,,Wispr Flow,2044541756134819,Video,,,,,2026-05-28,2026-05-28,1,1,2026-05-21,7,False,437,437,437,437,True,False,476,0.0,False,False,True,new,high
facebook,wispr-flow,,Wispr Flow,818136867756415,Video,,,,,2026-05-28,2026-05-28,1,1,2026-05-21,7,False,438,438,438,438,True,False,476,0.0,False,False,True,new,high
facebook,wispr-flow,,Wispr Flow,4104006256521349,Video,,,,,2026-05-28,2026-05-28,1,1,2026-05-21,7,False,439,439,439,439,True,False,476,0.0,False,False,True,new,high
facebook,wispr-flow,,Wispr Flow,1688140105969296,Video,,,,,2026-05-28,2026-05-28,1,1,2026-05-21,7,False,440,440,440,440,True,False,476,0.0,False,False,True,new,high
facebook,wispr-flow,,Wispr Flow,1746228133221838,Video,,,,,2026-05-28,2026-05-28,1,1,2026-05-21,7,False,441,441,441,441,True,False,476,0.0,False,False,True,new,high
facebook,wispr-flow,,Wispr Flow,1267115098511793,Video,,,,,2026-05-28,2026-05-28,1,1,2026-05-22,6,False,442,442,442,442,True,False,476,0.0,False,False,True,new,high
facebook,wispr-flow,,Wispr Flow,1657500728699799,Video,,,,,2026-05-28,2026-05-28,1,1,2026-05-21,7,False,443,443,443,443,True,False,476,0.0,False,False,False,new,high
facebook,wispr-flow,,Wispr Flow,1322368433364978,Video,,,,,2026-05-28,2026-05-28,1,1,2026-05-22,6,False,444,444,444,444,True,False,476,0.0,False,False,True,new,high
facebook,wispr-flow,,Wispr Flow,1359535953018082,Video,,,,,2026-05-28,2026-05-28,1,1,2026-05-22,6,False,445,445,445,445,True,False,476,0.0,False,False,True,new,high
facebook,wispr-flow,,Wispr Flow,926320210455807,Video,,,,,2026-05-28,2026-05-28,1,1,2026-05-23,5,False,446,446,446,446,True,False,476,0.0,False,False,True,new,high
facebook,wispr-flow,,Wispr Flow,779878878426351,Video,,,,,2026-05-28,2026-05-28,1,1,2026-05-21,7,False,447,447,447,447,True,False,476,0.0,False,False,True,new,high
facebook,wispr-flow,,Wispr Flow,1413261284161942,Video,,,,,2026-05-28,2026-05-28,1,1,2026-05-21,7,False,448,448,448,448,True,False,476,0.0,False,False,True,new,high
facebook,wispr-flow,,Wispr Flow,1788214782562310,Video,,,,,2026-05-28,2026-05-28,1,1,2026-05-21,7,False,449,449,449,449,True,False,476,0.0,False,False,True,new,high
facebook,wispr-flow,,Wispr Flow,1723716478814852,Video,,,,,2026-05-28,2026-05-28,1,1,2026-05-21,7,False,450,450,450,450,True,False,476,0.0,False,False,True,new,high
facebook,wispr-flow,,Wispr Flow,821274497407451,Video,,,,,2026-05-28,2026-05-28,1,1,2026-05-21,7,False,451,451,451,451,True,False,476,0.0,False,False,True,new,high
facebook,wispr-flow,,Wispr Flow,1644663216752201,Video,,,,,2026-05-28,2026-05-28,1,1,2026-05-21,7,False,452,452,452,452,True,False,476,0.0,False,False,True,new,high
facebook,wispr-flow,,Wispr Flow,977926474955194,Video,,,,,2026-05-28,2026-05-28,1,1,2026-05-22,6,False,453,453,453,453,True,False,476,0.0,False,False,False,new,high
facebook,wispr-flow,,Wispr Flow,925314090510241,Video,,,,,2026-05-28,2026-05-28,1,1,2026-05-21,7,False,454,454,454,454,True,False,476,0.0,False,False,True,new,high
facebook,wispr-flow,,Wispr Flow,1137530259438222,Video,,,,,2026-05-28,2026-05-28,1,1,2026-05-22,6,False,455,455,455,455,True,False,476,0.0,False,False,True,new,high
facebook,wispr-flow,,Wispr Flow,1264136165518560,Video,,,,,2026-05-28,2026-05-28,1,1,2026-05-21,7,False,456,456,456,456,True,False,476,0.0,False,False,True,new,high
facebook,wispr-flow,,Wispr Flow,1332928282078834,Video,,,,,2026-05-28,2026-05-28,1,1,2026-05-22,6,False,457,457,457,457,True,False,476,0.0,False,False,True,new,high
facebook,wispr-flow,,Wispr Flow,907316102331699,Video,,,,,2026-05-28,2026-05-28,1,1,2026-05-21,7,False,458,458,458,458,True,False,476,0.0,False,False,True,new,high
facebook,wispr-flow,,Wispr Flow,985523274337639,Video,,,,,2026-05-28,2026-05-28,1,1,2026-05-22,6,False,459,459,459,459,True,False,476,0.0,False,False,True,new,high
facebook,wispr-flow,,Wispr Flow,1083502908185516,Video,,,,,2026-05-28,2026-05-28,1,1,2026-05-22,6,False,460,460,460,460,True,False,476,0.0,False,False,True,new,high
facebook,wispr-flow,,Wispr Flow,975618998556065,Video,,,,,2026-05-28,2026-05-28,1,1,2026-05-22,6,False,461,461,461,461,True,False,476,0.0,False,False,True,new,high
facebook,wispr-flow,,Wispr Flow,864612603337597,Video,,,,,2026-05-28,2026-05-28,1,1,2026-05-22,6,False,462,462,462,462,True,False,476,0.0,False,False,True,new,high
facebook,wispr-flow,,Wispr Flow,1867806670557358,Video,,,,,2026-05-28,2026-05-28,1,1,2026-05-22,6,False,463,463,463,463,True,False,476,0.0,False,False,True,new,high
facebook,wispr-flow,,Wispr Flow,1614234420296947,Video,,,,,2026-05-28,2026-05-28,1,1,2026-05-22,6,False,464,464,464,464,True,False,476,0.0,False,False,True,new,high
facebook,wispr-flow,,Wispr Flow,3272942412907325,Video,,,,,2026-05-28,2026-05-28,1,1,2026-05-21,7,False,465,465,465,465,True,False,476,0.0,False,False,True,new,high
facebook,wispr-flow,,Wispr Flow,1635694734306453,Video,,,,,2026-05-28,2026-05-28,1,1,2026-05-21,7,False,466,466,466,466,True,False,476,0.0,False,False,True,new,high
facebook,wispr-flow,,Wispr Flow,1351558753558031,Video,,,,,2026-05-28,2026-05-28,1,1,2026-05-21,7,False,467,467,467,467,True,False,476,0.0,False,False,True,new,high
facebook,wispr-flow,,Wispr Flow,26873840628945240,Video,,,,,2026-05-28,2026-05-28,1,1,2026-05-22,6,False,468,468,468,468,True,False,476,0.0,False,False,True,new,high
facebook,wispr-flow,,Wispr Flow,1703674871049851,Video,,,,,2026-05-28,2026-05-28,1,1,2026-05-27,1,False,469,469,469,469,True,False,476,0.0,False,False,False,new,high
facebook,wispr-flow,,Wispr Flow,1859796101658057,Video,,,,,2026-05-28,2026-05-28,1,1,2026-05-22,6,False,470,470,470,470,True,False,476,0.0,False,False,True,new,high
facebook,wispr-flow,,Wispr Flow,999229155893489,Video,,,,,2026-05-28,2026-05-28,1,1,2026-05-22,6,False,471,471,471,471,True,False,476,0.0,False,False,True,new,high
facebook,wispr-flow,,Wispr Flow,1303984397967191,Video,,,,,2026-05-28,2026-05-28,1,1,2026-05-23,5,False,472,472,472,472,True,False,476,0.0,False,False,True,new,high
facebook,wispr-flow,,Wispr Flow,1513422940192478,Video,,,,,2026-05-28,2026-05-28,1,1,2026-05-22,6,False,473,473,473,473,True,False,476,0.0,False,False,True,new,high
facebook,wispr-flow,,Wispr Flow,2165995524235758,Video,,,,,2026-05-28,2026-05-28,1,1,2026-05-22,6,False,474,474,474,474,True,False,476,0.0,False,False,True,new,high
facebook,wispr-flow,,Wispr Flow,951519644423697,Video,,,,,2026-05-28,2026-05-28,1,1,2026-05-22,6,False,475,475,475,475,True,False,476,0.0,False,False,True,new,high
facebook,wispr-flow,,Wispr Flow,2795482860798359,Video,,,,,2026-05-28,2026-05-28,1,1,2026-05-24,4,False,476,476,476,476,True,False,476,0.0,False,False,True,new,high
