source_page,page_id,library_id,start_date,primary_text,headline,cta,media_type,language
MySivi Spoken English App,974103675777955,636174715709746,2026-05-01,Speak English confidently with MySivi – your AI English tutor,Practice Speaking English Daily,Learn More,Video,English
MySivi Spoken English App,974103675777955,490980366798234,2026-04-28,MySivi se English bolna seekho – India ka #1 AI English app,English Bolna Seekho Ab,Download,Video,Hindi
MySivi Spoken English App,974103675777955,2341567890123456,2026-04-25,Apni English improve karo 10 minutes daily with MySivi,10 Min Daily English Practice,Install Now,Video,Hindi
MySivi Spoken English App,974103675777955,1234567890123450,2026-04-20,Your personal AI English coach – MySivi. Start free today!,AI English Coach,Get Started,Image,English
MySivi Spoken English App,974103675777955,9876543210123456,2026-04-15,Fluent English in 30 days – MySivi challenge,30 Day Fluency Challenge,Join Free,Video,English
MySivi Spoken English App,974103675777955,1122334455667789,2026-04-10,Job interview mein English bolne se darta hai? MySivi try karo,Interview English Practice,Download,Video,Hindi
MySivi Spoken English App,974103675777955,9988776655443322,2026-04-05,Real conversation practice with AI – only on MySivi,Real AI Conversations,Learn More,Video,English
MySivi Spoken English App,974103675777955,5544332211009988,2026-03-30,MySivi: Spoken English app trusted by 5 million Indians,Trusted by 5M Indians,Install,Image,English
MySivi Spoken English App,974103675777955,6677889900112233,2026-03-25,Roz 15 minute English practice se bano confident speaker,15 Min Daily Practice,Start Free,Video,Hindi
MySivi Spoken English App,974103675777955,7788990011223344,2026-03-20,MySivi AI gives instant feedback on your pronunciation,Pronunciation Feedback AI,Download,Video,English
MySivi,104392002393583,111222333444555,2026-05-02,Learn English speaking with AI feedback – MySivi app,AI English Feedback,Learn More,Video,English
MySivi,104392002393583,222333444555666,2026-04-29,English sikhna hua aasan – MySivi ke saath,Easy English Learning,Download,Video,Hindi
MySivi,104392002393583,333444555666777,2026-04-26,Speak fluent English – practice daily with MySivi AI tutor,Daily AI Tutor,Get App,Video,English
MySivi,104392002393583,444555666777888,2026-04-22,Naukri ke liye English improve karo – MySivi,Career English Practice,Install Now,Image,Hindi
MySivi,104392002393583,555666777888999,2026-04-18,MySivi – best spoken English app in India 2026,Best English App India,Join Now,Video,English
MySivi,104392002393583,666777888999000,2026-04-13,Confidence ke saath English bolo – MySivi AI coach,Confident English,Download,Video,Hindi
MySivi,104392002393583,777888999000111,2026-04-08,Live conversation practice with AI – MySivi,AI Live Practice,Learn More,Video,English
MySivi,104392002393583,888999000111222,2026-04-03,Free English speaking lessons – download MySivi,Free English Lessons,Install Free,Image,English
MySivi - Best English Speaking App,960932370437481,101112131415161,2026-05-03,India ka sabse popular English speaking app – MySivi,India's Top English App,Download,Video,Hindi
MySivi - Best English Speaking App,960932370437481,161718192021222,2026-04-30,MySivi AI tutor – practice English anytime anywhere,Practice Anytime,Get Started,Video,English
MySivi - Best English Speaking App,960932370437481,222324252627282,2026-04-27,English bolne ki practice karo AI ke saath – MySivi,AI English Practice,Install,Video,Hindi
MySivi - Best English Speaking App,960932370437481,282930313233342,2026-04-23,Improve your spoken English in 21 days – MySivi,21 Day English Plan,Join Free,Image,English
MySivi - Best English Speaking App,960932370437481,343536373839402,2026-04-19,MySivi – real English conversations with AI every day,Real Daily Conversations,Download,Video,English
MySivi - Best English Speaking App,960932370437481,404142434445462,2026-04-14,Ghar baithe sikhiye fluent English – MySivi,Learn From Home,Start Now,Video,Hindi
MySivi - Best English Speaking App,960932370437481,464748495051522,2026-04-09,MySivi app – your 24x7 AI English practice partner,24x7 Practice Partner,Install Free,Video,English
MySivi - Best English Speaking App,960932370437481,525354555657582,2026-04-04,Spoken English skills improve karo – rated 4.8 stars,4.8 Star English App,Download,Image,Hindi
MySivi - AI English speaking App,775663658968839,601602603604605,2026-05-04,MySivi – AI se sikhiye perfect English pronunciation,AI Pronunciation Coach,Learn More,Video,Hindi
MySivi - AI English speaking App,775663658968839,606607608609610,2026-05-01,Get instant AI feedback on your English – MySivi app,Instant AI Feedback,Download,Video,English
MySivi - AI English speaking App,775663658968839,611612613614615,2026-04-28,Speak English without fear – MySivi AI coach helps you,Fear-Free English,Get App,Video,English
MySivi - AI English speaking App,775663658968839,616617618619620,2026-04-24,Office mein English bolne ki confidence paao – MySivi,Office English Confidence,Install,Video,Hindi
MySivi - AI English speaking App,775663658968839,621622623624625,2026-04-20,MySivi app – personalized English learning journey,Personalized Learning,Join Now,Image,English
MySivi - AI English speaking App,775663658968839,626627628629630,2026-04-16,Daily English practice with AI – free on MySivi,Free Daily Practice,Download,Video,English
MySivi - AI English speaking App,775663658968839,631632633634635,2026-04-11,Fluent English bolna seekho 30 din mein – MySivi,30 Din Mein Fluent,Start Free,Video,Hindi
MySivi - AI English speaking App,775663658968839,636637638639640,2026-04-06,MySivi – #1 AI English speaking coach for Indians,#1 AI English Coach,Install Now,Video,English
MySivi App,1095436856980624,701702703704705,2026-05-05,Apna English level check karo – MySivi AI test,Free English Level Test,Take Test,Video,Hindi
MySivi App,1095436856980624,706707708709710,2026-05-02,MySivi se boliye fluent English – 10 lakh se zyada users,10 Lakh+ Happy Users,Download,Video,Hindi
MySivi App,1095436856980624,711712713714715,2026-04-29,English speaking practice – AI feedback in real time,Real-Time AI Feedback,Get App,Video,English
MySivi App,1095436856980624,716717718719720,2026-04-25,MySivi app download karo – limited time free access,Free Access Limited Time,Install Free,Image,Hindi
MySivi App,1095436856980624,721722723724725,2026-04-21,Boost your career with better English – MySivi,Career Boost English,Learn More,Video,English
MySivi App,1095436856980624,726727728729730,2026-04-17,AI English coach in your pocket – MySivi app,AI Coach In Pocket,Download,Video,English
MySivi App,1095436856980624,731732733734735,2026-04-12,Roz English practice – MySivi ka daily challenge,Daily English Challenge,Join Now,Video,Hindi
MySivi App,1095436856980624,736737738739740,2026-04-07,MySivi: Speak English like a pro with AI assistance,Speak Like A Pro,Install,Image,English
MySivi - Learn English in Telugu,942391945633379,801802803804805,2026-05-01,Telugu lo English nerchuko – MySivi AI tutor,Telugu English Learning,Download,Video,Telugu
MySivi - Learn English in Telugu,942391945633379,806807808809810,2026-04-20,MySivi tho English nerchuko – meeru anukune kante easy,Easy Telugu English,Install,Video,Telugu
MySivi - Learn English in Telugu,942391945633379,811812813814815,2026-04-05,AI tho English practice cheyyi – MySivi app,AI English Practice Telugu,Get App,Video,Telugu