row_rank,page_rank,competitor_name,facebook_page_id,facebook_page_name,facebook_page_followers,target_country,ad_library_id,ad_library_url,ad_start_date,ad_end_date,has_low_impression_warning,ad_has_multiple_versions,ad_version_count,version_index,version_id,version_start_date,version_end_date,version_primary_text,version_description,version_cta_label,version_destination_url,version_platforms_distribution,ad_primary_text,ad_description,ad_cta_label,ad_destination_url,ad_media_type,ad_distribution_platforms,creative_count_in_ad,creative_index_in_ad,creative_aspect_ratio,facebook_video_cdn_url_at_scrape,facebook_thumbnail_cdn_url_at_scrape,facebook_cdn_url_expiry_at_scrape,scrape_run_date,r2_public_url
1,1,Duolingo,141935472517297,Duolingo,,IN,870791105586044,https://www.facebook.com/ads/library/?id=870791105586044,2026-02-05,,false,false,1,0,,2026-02-05,,Duolingo is the world's #1 language learning app,Free language learning,Install now,http://play.google.com/store/apps/details?id=com.duolingo,"Facebook,Instagram,Audience Network,Messenger,Threads",Duolingo is the world's #1 language learning app,Free language learning,Install now,http://play.google.com/store/apps/details?id=com.duolingo,Image,"Facebook,Instagram,Audience Network,Messenger,Threads",1,0,9:16,,https://scontent.fblr22-1.fna.fbcdn.net/v/t39.35426-6/640996173_2681682758876492_8630451909664325929_n.jpg?_nc_cat=101&ccb=1-7&_nc_sid=c53f8f&_nc_ohc=34mV-NCTZwAQ7kNvwFAXYny&_nc_oc=AdqjEBsb9SIQ8uZgGGlUS0ZZsk-RxhTcuLVJBNSqCRZxCHlebpiQlFYzrcJp7Cr-iZY&_nc_zt=14&_nc_ht=scontent.fblr22-1.fna&_nc_gid=Gv83f7de7uoZn-VzkC_eJw&_nc_ss=7f289&oh=00_Af8kcT8Ech5vmKlINUTUMXbIC5RczrxoQdSpq862__Y4fw&oe=6A3080B5,2026-06-15T22:46:13.000Z,2026-06-11,https://pub-893b4a6a607b4221a894bf861da7914e.r2.dev/870791105586044.jpg
2,2,Duolingo,141935472517297,Duolingo,,IN,1681513992840751,https://www.facebook.com/ads/library/?id=1681513992840751,2026-04-01,,false,false,1,0,,2026-04-01,,"More than a game. Learn chess, math, music and more for free with Duolingo.",The world's #1 learning app,Install now,http://play.google.com/store/apps/details?id=com.duolingo,"Facebook,Instagram,Audience Network,Messenger,Threads","More than a game. Learn chess, math, music and more for free with Duolingo.",The world's #1 learning app,Install now,http://play.google.com/store/apps/details?id=com.duolingo,Video,"Facebook,Instagram,Audience Network,Messenger,Threads",1,0,1:1,https://video.fblr22-1.fna.fbcdn.net/o1/v/t2/f2/m366/AQOfvumPreEU3CrynWjtEy-JCp_Ryy8WhManl7tfcFwnvlNneUaYRG94WLV4V7SVGU6OcBMvDs2n9yzjgmMePGVxxFyeK8OV5oq3qr9xTIVqqw.mp4?_nc_cat=103&_nc_oc=AdrjjAWelKQTOflpwtjTMvbPInnOLf7-H7M3chDKI7aeBJhKDnKOb3A4C9osTw3MJn4&_nc_sid=b66105&_nc_ht=video.fblr22-1.fna.fbcdn.net&_nc_ohc=11jBj_ow7eAQ7kNvwHjfQL3&efg=eyJ2ZW5jb2RlX3RhZyI6Inhwdl9wcm9ncmVzc2l2ZS5WSV9VU0VDQVNFX1BST0RVQ1RfVFlQRS4uQzMuNzIwLmRhc2hfaDI2NC1iYXNpYy1nZW4yXzcyMHAiLCJ4cHZfYXNzZXRfaWQiOjE0ODkzNDkxNTYxMDA4NjksImFzc2V0X2FnZV9kYXlzIjo2OSwidmlfdXNlY2FzZV9pZCI6MTA3OTksImR1cmF0aW9uX3MiOjUsInVybGdlbl9zb3VyY2UiOiJ3d3cifQ%3D%3D&ccb=17-1&vs=d8bd83a23c3b23e1&_nc_vs=HBksFQIYRWZiX2VwaGVtZXJhbC9GRDRFREIzNTc2RDdBODlDQjAyOTc0RTI5QjMwQ0VBMV9tdF8xX3ZpZGVvX2Rhc2hpbml0Lm1wNBUAAsgBEgAVAhhAZmJfcGVybWFuZW50L0RFNEYwNkIwRUM2QjlEMDA2NzE1RjhDRDM1MjJGRUEwX2F1ZGlvX2Rhc2hpbml0Lm1wNBUCAsgBEgAoABgAGwKIB3VzZV9vaWwBMRJwcm9ncmVzc2l2ZV9yZWNpcGUBMRUAACaK7Kr2w6OlBRUCKAJDMywXQBQhysCDEm8YGWRhc2hfaDI2NC1iYXNpYy1nZW4yXzcyMHARAHUAZd6oAQA&_nc_gid=Gv83f7de7uoZn-VzkC_eJw&_nc_ss=7f289&_nc_zt=28&oh=00_Af9vREAonDpaAu148JCqWVEyWiHJibZKpc_GDQRJy2iy-g&oe=6A30803D,https://scontent.fblr22-1.fna.fbcdn.net/v/t39.35426-6/659145488_715098721691764_5308980438113956701_n.jpg?_nc_cat=106&ccb=1-7&_nc_sid=c53f8f&_nc_ohc=5kWoccZP3CgQ7kNvwGUhilU&_nc_oc=AdrBkQHM3OGpd3BsBUsHpS29EAX9owtPZcUsDXajQeGgomtUChOeUa6B5cbw9OZkhuo&_nc_zt=14&_nc_ht=scontent.fblr22-1.fna&_nc_gid=Gv83f7de7uoZn-VzkC_eJw&_nc_ss=7f289&oh=00_Af-PnYm4y75QFRs6HK5Y8A33AxzMiTrigo5dE_wpInL6Jg&oe=6A307DFB,2026-06-15T22:44:13.000Z,2026-06-11,https://pub-893b4a6a607b4221a894bf861da7914e.r2.dev/1681513992840751.mp4
3,3,Duolingo,141935472517297,Duolingo,,IN,855822700785894,https://www.facebook.com/ads/library/?id=855822700785894,2026-02-05,,false,false,1,0,,2026-02-05,,Duolingo is the world's #1 language learning app,Free language learning,Install now,http://play.google.com/store/apps/details?id=com.duolingo,"Facebook,Instagram,Audience Network,Messenger,Threads",Duolingo is the world's #1 language learning app,Free language learning,Install now,http://play.google.com/store/apps/details?id=com.duolingo,Image,"Facebook,Instagram,Audience Network,Messenger,Threads",1,0,1:1,,https://scontent.fblr22-2.fna.fbcdn.net/v/t39.35426-6/637184734_900534456204231_8448127877748197161_n.jpg?_nc_cat=105&ccb=1-7&_nc_sid=c53f8f&_nc_ohc=86VPRJVlt-AQ7kNvwGpE_Bf&_nc_oc=AdraRt_pyd5rJI62_83ZfU-cO__aTXz-RVGp3qJz-u6TamTBExvmpvI5QmnCX4j3fzI&_nc_zt=14&_nc_ht=scontent.fblr22-2.fna&_nc_gid=Gv83f7de7uoZn-VzkC_eJw&_nc_ss=7f289&oh=00_Af9FFC3XlKWF_d3ljMvFod1e3PcvzkrtNFrqEYhS-eBHKw&oe=6A3089EF,2026-06-15T23:25:35.000Z,2026-06-11,https://pub-893b4a6a607b4221a894bf861da7914e.r2.dev/855822700785894.jpg
4,4,Duolingo,141935472517297,Duolingo,,IN,1270856521521372,https://www.facebook.com/ads/library/?id=1270856521521372,2026-01-29,,false,false,1,0,,2026-01-29,,Stop scrolling. Start checkmating. Learn chess for free with Duolingo.,New on Duolingo: Chess,Install now,http://play.google.com/store/apps/details?id=com.duolingo,"Facebook,Instagram,Audience Network,Messenger,Threads",Stop scrolling. Start checkmating. Learn chess for free with Duolingo.,New on Duolingo: Chess,Install now,http://play.google.com/store/apps/details?id=com.duolingo,Video,"Facebook,Instagram,Audience Network,Messenger,Threads",1,0,9:16,https://video.fblr22-2.fna.fbcdn.net/o1/v/t2/f2/m366/AQOOYBTDgjaV3FR92NPQj1q_12YFN28VPTBQU80I6qeWH5X89PKMWnH_dQhuvYGPOpWOjZJq34em0XQxtxYxP4XQYIgAuDDEvcx3Ry7Pnp11lA.mp4?_nc_cat=1&_nc_oc=AdoDynygXDHku_Kd_g_cMMLOWs1e61A3_yjyEJvOUZsTY6r9mbzNlAQsXt3Ge04SK6o&_nc_sid=b66105&_nc_ht=video.fblr22-2.fna.fbcdn.net&_nc_ohc=YtOPAz-_ckYQ7kNvwFsfNmc&efg=eyJ2ZW5jb2RlX3RhZyI6Inhwdl9wcm9ncmVzc2l2ZS5WSV9VU0VDQVNFX1BST0RVQ1RfVFlQRS4uQzMuNzIwLmRhc2hfaDI2NC1iYXNpYy1nZW4yXzcyMHAiLCJ4cHZfYXNzZXRfaWQiOjExOTM4MDYxNjk0MzY4MzksImFzc2V0X2FnZV9kYXlzIjoxNzUsInZpX3VzZWNhc2VfaWQiOjEwNzk5LCJkdXJhdGlvbl9zIjoyMSwidXJsZ2VuX3NvdXJjZSI6Ind3dyJ9&ccb=17-1&vs=5a8419fc549cb604&_nc_vs=HBksFQIYRWZiX2VwaGVtZXJhbC85ODQ4MDNGNzM5RkU5Qjc4MjE4OEEwMjA4NzcwRkQ5MV9tdF8xX3ZpZGVvX2Rhc2hpbml0Lm1wNBUAAsgBEgAVAhhAZmJfcGVybWFuZW50LzQzNEUzMTlCNEM2RTA2RTYyMDNCMDRCQUU2MERBMEE1X2F1ZGlvX2Rhc2hpbml0Lm1wNBUCAsgBEgAoABgAGwKIB3VzZV9vaWwBMRJwcm9ncmVzc2l2ZV9yZWNpcGUBMRUAACbOyseK1fCeBBUCKAJDMywXQDVmZmZmZmYYGWRhc2hfaDI2NC1iYXNpYy1nZW4yXzcyMHARAHUAZd6oAQA&_nc_gid=Gv83f7de7uoZn-VzkC_eJw&_nc_ss=7f289&_nc_zt=28&oh=00_Af9OEJY1s7Y0ZDAjnGYQdz96QSHXiez3FUAxji3r_1_zCQ&oe=6A3071A0,https://scontent.fblr22-2.fna.fbcdn.net/v/t39.35426-6/602980598_1355829639104568_6977867879121330209_n.jpg?_nc_cat=111&ccb=1-7&_nc_sid=c53f8f&_nc_ohc=ElsZeZ1POLQQ7kNvwEzjeDz&_nc_oc=AdrYYHzQGTwl1HgxGHD8CI8-ff8Rqm4BIaKzAE9C3oAHJfngAW9dKg2HwdbRoRgjYB4&_nc_zt=14&_nc_ht=scontent.fblr22-2.fna&_nc_gid=Gv83f7de7uoZn-VzkC_eJw&_nc_ss=7f289&oh=00_Af_3vsfAoSnnNIxlXFrXGjgqi12zkGRkaVsiP9A__1wFGw&oe=6A308231,2026-06-15T21:41:52.000Z,2026-06-11,https://pub-893b4a6a607b4221a894bf861da7914e.r2.dev/1270856521521372.mp4
5,5,Duolingo,141935472517297,Duolingo,,IN,931440739227131,https://www.facebook.com/ads/library/?id=931440739227131,2026-02-05,,false,false,1,0,,2026-02-05,,Duolingo is the world's #1 language learning app,Free language learning,Install now,http://play.google.com/store/apps/details?id=com.duolingo,"Facebook,Instagram,Audience Network,Messenger,Threads",Duolingo is the world's #1 language learning app,Free language learning,Install now,http://play.google.com/store/apps/details?id=com.duolingo,Video,"Facebook,Instagram,Audience Network,Messenger,Threads",1,0,1:1,https://video.fblr22-2.fna.fbcdn.net/o1/v/t2/f2/m366/AQNPrDVwB5-uXyipFsQTHBsEXlh0PtOEcPVkwNn0ooLwS3O-vWWo6Tqd4pLqwLG8ke7bje-RXxDFMDx07eZvO0b5Z4eKPnnGNL5BwnCA4pO_iQ.mp4?_nc_cat=110&_nc_oc=AdqG4tzCScOgvIOhomwALYVtdkRUlTAoEGiBW8vJbPCxslS0EFFgWYTzojFXqlajbK8&_nc_sid=b66105&_nc_ht=video.fblr22-2.fna.fbcdn.net&_nc_ohc=y9hzDVAE-1kQ7kNvwFBsn1K&efg=eyJ2ZW5jb2RlX3RhZyI6Inhwdl9wcm9ncmVzc2l2ZS5WSV9VU0VDQVNFX1BST0RVQ1RfVFlQRS4uQzMuNzIwLmRhc2hfaDI2NC1iYXNpYy1nZW4yXzcyMHAiLCJ4cHZfYXNzZXRfaWQiOjgyODM1MzA2OTE3MjQ0MzcsImFzc2V0X2FnZV9kYXlzIjo2MjEsInZpX3VzZWNhc2VfaWQiOjEwMTM5LCJkdXJhdGlvbl9zIjozMCwidXJsZ2VuX3NvdXJjZSI6Ind3dyJ9&ccb=17-1&vs=b3ee5376ce764802&_nc_vs=HBksFQIYRWZiX2VwaGVtZXJhbC81NDQ4Q0ZFQTVEODE2NkFEQzI3MTI1QTkxRDJCQTBBRF9tdF8xX3ZpZGVvX2Rhc2hpbml0Lm1wNBUAAsgBEgAVAhg1ZmJfcGVybWFuZW50LzEyNDMzMTk4NDAxODgxOTRfNzI2MDU3NDI3NTk1NDgyMjA5MC5tcDQVAgLIARIAKAAYABsCiAd1c2Vfb2lsATEScHJvZ3Jlc3NpdmVfcmVjaXBlATEVAAAmqpLuhfn0th0VAigCQzMsF0A-AAAAAAAAGBlkYXNoX2gyNjQtYmFzaWMtZ2VuMl83MjBwEQB1AGW2ngEA&_nc_gid=Gv83f7de7uoZn-VzkC_eJw&_nc_ss=7f289&_nc_zt=28&oh=00_Af9zuTYbUJTDtL5kXGTqtuRF3o3v3bwkAy7q3H1RvIvw7Q&oe=6A309252,https://scontent.fblr22-2.fna.fbcdn.net/v/t39.35426-6/640453477_804170896031334_5683839880145814782_n.jpg?_nc_cat=107&ccb=1-7&_nc_sid=c53f8f&_nc_ohc=kwdzrIQhJUEQ7kNvwFw1Z-F&_nc_oc=Ado05IUsgU7K_Qd7Q-7eT0Ho9fbqYkxYhZSDNPdLln3HsIoHSKSfg_YwNQx7cuLr4Tg&_nc_zt=14&_nc_ht=scontent.fblr22-2.fna&_nc_gid=Gv83f7de7uoZn-VzkC_eJw&_nc_ss=7f289&oh=00_Af8Uyc0D0CyBqupD9rf24Iy4NDUHkhUWdHV7IUDJPPpapA&oe=6A306988,2026-06-16T00:01:22.000Z,2026-06-11,https://pub-893b4a6a607b4221a894bf861da7914e.r2.dev/931440739227131.mp4
6,6,Duolingo,141935472517297,Duolingo,,IN,873410355318564,https://www.facebook.com/ads/library/?id=873410355318564,2026-02-05,,false,false,1,0,,2026-02-05,,Duolingo is the world's #1 language learning app,Free language learning,Install now,http://play.google.com/store/apps/details?id=com.duolingo,"Facebook,Instagram,Audience Network,Messenger,Threads",Duolingo is the world's #1 language learning app,Free language learning,Install now,http://play.google.com/store/apps/details?id=com.duolingo,Video,"Facebook,Instagram,Audience Network,Messenger,Threads",1,0,1:1,https://video.fblr22-1.fna.fbcdn.net/o1/v/t2/f2/m366/AQO2BCeeRVsAUSoclCmVl5egMP6x1xwT-C1j8RSBW78qOhSQvesVEMmc0s3-vh5I5Gqygp0B2pgR-nhsupPj_08lL8IFzvngctOoxnKYz10sNg.mp4?_nc_cat=102&_nc_oc=Adp1stTf6k0hM8IMXzl6bzWampAR3hyDnZGy9cOL8I1n-DLvOLOb75oEHDtK2xWf_So&_nc_sid=b66105&_nc_ht=video.fblr22-1.fna.fbcdn.net&_nc_ohc=-3iheXF_h1oQ7kNvwGJLJD5&efg=eyJ2ZW5jb2RlX3RhZyI6Inhwdl9wcm9ncmVzc2l2ZS5WSV9VU0VDQVNFX1BST0RVQ1RfVFlQRS4uQzMuNzIwLmRhc2hfaDI2NC1iYXNpYy1nZW4yXzcyMHAiLCJ4cHZfYXNzZXRfaWQiOjExNzU1MzM3NDM1MDUwMzEsImFzc2V0X2FnZV9kYXlzIjo2MjEsInZpX3VzZWNhc2VfaWQiOjEwMTM5LCJkdXJhdGlvbl9zIjozMCwidXJsZ2VuX3NvdXJjZSI6Ind3dyJ9&ccb=17-1&vs=fffb0c98a9452aca&_nc_vs=HBksFQIYRWZiX2VwaGVtZXJhbC82MDQ3RTA4MTJFMjEyQzAyODQyQTAyQTQ1RDBDQURCRl9tdF8xX3ZpZGVvX2Rhc2hpbml0Lm1wNBUAAsgBEgAVAhgzZmJfcGVybWFuZW50LzM3NzgyMDcxNTM5NzkxNF84NDg3NDY4OTYyNTEzODE2MDUubXA0FQICyAESACgAGAAbAogHdXNlX29pbAExEnByb2dyZXNzaXZlX3JlY2lwZQExFQAAJo76n_OIyZYEFQIoAkMzLBdAPgAAAAAAABgZZGFzaF9oMjY0LWJhc2ljLWdlbjJfNzIwcBEAdQBltp4BAA&_nc_gid=Gv83f7de7uoZn-VzkC_eJw&_nc_ss=7f289&_nc_zt=28&oh=00_Af9-b3sT5enmYxCPqgLcQaeA1qAUqKtUA8CyeyXxm_UEEw&oe=6A307566,https://scontent.fblr22-1.fna.fbcdn.net/v/t39.35426-6/641362394_2114864279265031_8874588552838349804_n.jpg?_nc_cat=104&ccb=1-7&_nc_sid=c53f8f&_nc_ohc=wX0g1tadxGgQ7kNvwHIP0XR&_nc_oc=AdrRCirZ58XITKnDV9XVfc_HbbrTUfiELf3IMm0DHTuD6Mmy2D15Z8-en1DCe7memaM&_nc_zt=14&_nc_ht=scontent.fblr22-1.fna&_nc_gid=Gv83f7de7uoZn-VzkC_eJw&_nc_ss=7f289&oh=00_Af_irsx32Ul7S_CmZsVBXcpDdgTBGCl-XMsFHkin4edRDg&oe=6A3082D7,2026-06-15T21:57:58.000Z,2026-06-11,https://pub-893b4a6a607b4221a894bf861da7914e.r2.dev/873410355318564.mp4
7,7,Duolingo,141935472517297,Duolingo,,IN,4420167301545944,https://www.facebook.com/ads/library/?id=4420167301545944,2026-02-05,,false,false,1,0,,2026-02-05,,Duolingo is the world's #1 language learning app,Free language learning,Install now,http://play.google.com/store/apps/details?id=com.duolingo,"Facebook,Instagram,Audience Network,Messenger,Threads",Duolingo is the world's #1 language learning app,Free language learning,Install now,http://play.google.com/store/apps/details?id=com.duolingo,Image,"Facebook,Instagram,Audience Network,Messenger,Threads",1,0,9:16,,https://scontent.fblr22-1.fna.fbcdn.net/v/t39.35426-6/640277248_764518093011940_391721912953179864_n.jpg?_nc_cat=109&ccb=1-7&_nc_sid=c53f8f&_nc_ohc=ktZZ1gDzF5AQ7kNvwFng-lI&_nc_oc=AdpKai26FRE0RwkgC6OMeRiC4HHiJo4NwW8IZdpo966rBgH2jm6sk-mxiAks6dgn5Ko&_nc_zt=14&_nc_ht=scontent.fblr22-1.fna&_nc_gid=Gv83f7de7uoZn-VzkC_eJw&_nc_ss=7f289&oh=00_Af9MSJ1heFx4-SNCnBboJxkj6-swr7QJRtlHnsHw4itwjg&oe=6A308297,2026-06-15T22:54:15.000Z,2026-06-11,https://pub-893b4a6a607b4221a894bf861da7914e.r2.dev/4420167301545944.jpg
8,8,Duolingo,141935472517297,Duolingo,,IN,1393073786168344,https://www.facebook.com/ads/library/?id=1393073786168344,2026-02-05,,false,false,1,0,,2026-02-05,,Duolingo is the world's #1 language learning app,Free language learning,Install now,http://play.google.com/store/apps/details?id=com.duolingo,"Facebook,Instagram,Audience Network,Messenger,Threads",Duolingo is the world's #1 language learning app,Free language learning,Install now,http://play.google.com/store/apps/details?id=com.duolingo,Image,"Facebook,Instagram,Audience Network,Messenger,Threads",1,0,9:16,,https://scontent.fblr22-1.fna.fbcdn.net/v/t39.35426-6/638768675_1816198109068160_4370842215407111412_n.jpg?_nc_cat=108&ccb=1-7&_nc_sid=c53f8f&_nc_ohc=T7pdZAMUeJAQ7kNvwEPGHKT&_nc_oc=AdpxP8ECoHNwuuD4emRw0NjuplHiZCo3a0mONkm-RjSkGHewL6DdzrKyQYDhzGn-AwQ&_nc_zt=14&_nc_ht=scontent.fblr22-1.fna&_nc_gid=Gv83f7de7uoZn-VzkC_eJw&_nc_ss=7f289&oh=00_Af9TNlaqf88AVtvyo66OHEVbkXvMNdZkGjys9N89z30HUA&oe=6A30949E,2026-06-16T00:11:10.000Z,2026-06-11,https://pub-893b4a6a607b4221a894bf861da7914e.r2.dev/1393073786168344.jpg
9,9,Duolingo,141935472517297,Duolingo,,IN,854198787652805,https://www.facebook.com/ads/library/?id=854198787652805,2026-02-05,,false,false,1,0,,2026-02-05,,Duolingo is the world's #1 language learning app,Free language learning,Install now,http://play.google.com/store/apps/details?id=com.duolingo,"Facebook,Instagram,Audience Network,Messenger,Threads",Duolingo is the world's #1 language learning app,Free language learning,Install now,http://play.google.com/store/apps/details?id=com.duolingo,Image,"Facebook,Instagram,Audience Network,Messenger,Threads",1,0,9:16,,https://scontent.fblr22-1.fna.fbcdn.net/v/t39.35426-6/639574892_887312747470458_3265648172061560719_n.jpg?_nc_cat=109&ccb=1-7&_nc_sid=c53f8f&_nc_ohc=s5Cy_AJj_0oQ7kNvwFL5TI7&_nc_oc=AdoJx_KWfbBoPGdE6Au4iB7GCTav5hG5dZ1S56r-sGjSTylG3WS8NcTl_mhflnwsPt4&_nc_zt=14&_nc_ht=scontent.fblr22-1.fna&_nc_gid=Gv83f7de7uoZn-VzkC_eJw&_nc_ss=7f289&oh=00_Af_a52ypofevDPTqi-O_OfE_ftl560QC5vFvkn8tb6aIzA&oe=6A307B1D,2026-06-15T22:22:21.000Z,2026-06-11,https://pub-893b4a6a607b4221a894bf861da7914e.r2.dev/854198787652805.jpg
10,10,Duolingo,141935472517297,Duolingo,,IN,1187219770066761,https://www.facebook.com/ads/library/?id=1187219770066761,2026-02-05,,false,false,1,0,,2026-02-05,,Duolingo is the world's #1 language learning app,Free language learning,Install now,http://play.google.com/store/apps/details?id=com.duolingo,"Facebook,Instagram,Audience Network,Messenger,Threads",Duolingo is the world's #1 language learning app,Free language learning,Install now,http://play.google.com/store/apps/details?id=com.duolingo,Video,"Facebook,Instagram,Audience Network,Messenger,Threads",1,0,1:1,https://video.fblr22-2.fna.fbcdn.net/o1/v/t2/f2/m366/AQPXr63EoupvenU7Z8h77VR8qrdPjVeXf2ftlG1v7RU-4NPD2ssPF9vp7C6R8UT1zI6aZSYV2ggH0uso2NP-sGhZgPiJ5dhvrgr58utRGYS1Yw.mp4?_nc_cat=111&_nc_oc=Adph93sTHahKjXlhQsm8o4qMRnCzlbHBb8lTmWQnjZZQ3mr3QQH_AtvQ7fuW0v594c0&_nc_sid=b66105&_nc_ht=video.fblr22-2.fna.fbcdn.net&_nc_ohc=DQGqIZC7jrcQ7kNvwEHfw1l&efg=eyJ2ZW5jb2RlX3RhZyI6Inhwdl9wcm9ncmVzc2l2ZS5WSV9VU0VDQVNFX1BST0RVQ1RfVFlQRS4uQzMuNzIwLmRhc2hfaDI2NC1iYXNpYy1nZW4yXzcyMHAiLCJ4cHZfYXNzZXRfaWQiOjEyMjY5Njc0MTUzMDQyNTIsImFzc2V0X2FnZV9kYXlzIjo2MjEsInZpX3VzZWNhc2VfaWQiOjEwMTM5LCJkdXJhdGlvbl9zIjozMCwidXJsZ2VuX3NvdXJjZSI6Ind3dyJ9&ccb=17-1&vs=55a88811aef2f994&_nc_vs=HBksFQIYRWZiX2VwaGVtZXJhbC8yQzQyNTdBRjc0NDRBODc4MUQxMkZBNTY0QTBBNjQ4Nl9tdF8xX3ZpZGVvX2Rhc2hpbml0Lm1wNBUAAsgBEgAVAhg1ZmJfcGVybWFuZW50LzExOTM4NTExOTE4NDc5MTNfMTk4MTY4MzgzMTcwNzQ2NDE2OC5tcDQVAgLIARIAKAAYABsCiAd1c2Vfb2lsATEScHJvZ3Jlc3NpdmVfcmVjaXBlATEVAAAm-MCFz_P6rQQVAigCQzMsF0A-AAAAAAAAGBlkYXNoX2gyNjQtYmFzaWMtZ2VuMl83MjBwEQB1AGW2ngEA&_nc_gid=Gv83f7de7uoZn-VzkC_eJw&_nc_ss=7f289&_nc_zt=28&oh=00_Af8TQkhMh4gRFq7z1GbhS3ZYdc6oAMPaMxi0CrfnObYx2w&oe=6A307611,https://scontent.fblr22-2.fna.fbcdn.net/v/t39.35426-6/638795366_1234627685316239_6162326310709086449_n.jpg?_nc_cat=100&ccb=1-7&_nc_sid=c53f8f&_nc_ohc=jKarPvOhwsUQ7kNvwHcvTIC&_nc_oc=AdrCTQiT40ENpPuKfchU--JbxM9iPdWzeEU9w_I96lXwKsCXMJF4nr5E3s_RTCmct7I&_nc_zt=14&_nc_ht=scontent.fblr22-2.fna&_nc_gid=Gv83f7de7uoZn-VzkC_eJw&_nc_ss=7f289&oh=00_Af8ZQTFQmSwfp4ZSGLfBWMUOc5Yh8EL9q_vUE9y6A_09lA&oe=6A308C9F,2026-06-15T22:00:49.000Z,2026-06-11,https://pub-893b4a6a607b4221a894bf861da7914e.r2.dev/1187219770066761.mp4
11,11,Duolingo,141935472517297,Duolingo,,IN,1428449025623778,https://www.facebook.com/ads/library/?id=1428449025623778,2026-02-05,,false,false,1,0,,2026-02-05,,Duolingo is the world's #1 language learning app,Free language learning,Install now,http://play.google.com/store/apps/details?id=com.duolingo,"Facebook,Instagram,Audience Network,Messenger,Threads",Duolingo is the world's #1 language learning app,Free language learning,Install now,http://play.google.com/store/apps/details?id=com.duolingo,Video,"Facebook,Instagram,Audience Network,Messenger,Threads",1,0,1:1,https://video.fblr22-2.fna.fbcdn.net/o1/v/t2/f2/m366/AQMM_1BH_N2PtmgDX6b-Dqth9h_q940aATAPaQJuEWD0wnk8LucwwmE4e6U71TVb8acYQJk3Myw53xvYo4_NLnNj9yytmZZLOrm-_BAVeuQgCw.mp4?_nc_cat=111&_nc_oc=Adp1l-NoEAKMvQyhCM_JDv9VmtNAEm3Vqxdoprrn5iURVv5GLLM75swbP3laTqO9_8w&_nc_sid=b66105&_nc_ht=video.fblr22-2.fna.fbcdn.net&_nc_ohc=zs2Ynu88GeQQ7kNvwE3hrIa&efg=eyJ2ZW5jb2RlX3RhZyI6Inhwdl9wcm9ncmVzc2l2ZS5WSV9VU0VDQVNFX1BST0RVQ1RfVFlQRS4uQzMuNzIwLmRhc2hfaDI2NC1iYXNpYy1nZW4yXzcyMHAiLCJ4cHZfYXNzZXRfaWQiOjUxMDQ3NjYyODU0NTYxMiwiYXNzZXRfYWdlX2RheXMiOjYyMSwidmlfdXNlY2FzZV9pZCI6MTAxMzksImR1cmF0aW9uX3MiOjMwLCJ1cmxnZW5fc291cmNlIjoid3d3In0%3D&ccb=17-1&vs=91a2ee12c2eeac88&_nc_vs=HBksFQIYRWZiX2VwaGVtZXJhbC9CRDQxNURDM0NBNjFCMzY4NDk5Q0Y3RTJEQUI4Q0VCMl9tdF8xX3ZpZGVvX2Rhc2hpbml0Lm1wNBUAAsgBEgAVAhg1ZmJfcGVybWFuZW50LzE0NDA4MjIxMjMyNjc0MzhfMTM4OTExNzI5NTYxMTAxNDY1OS5tcDQVAgLIARIAKAAYABsCiAd1c2Vfb2lsATEScHJvZ3Jlc3NpdmVfcmVjaXBlATEVAAAmmMHiodOR6AEVAigCQzMsF0A-AAAAAAAAGBlkYXNoX2gyNjQtYmFzaWMtZ2VuMl83MjBwEQB1AGW2ngEA&_nc_gid=Gv83f7de7uoZn-VzkC_eJw&_nc_ss=7f289&_nc_zt=28&oh=00_Af-HGFMWnBld87Q9-1Bb0Qh0zfucIm14cVqEfPbamPhQAA&oe=6A307BDD,https://scontent.fblr22-2.fna.fbcdn.net/v/t39.35426-6/641503860_2501712786944960_3682751630886505851_n.jpg?_nc_cat=110&ccb=1-7&_nc_sid=c53f8f&_nc_ohc=Ay32RiDD5EEQ7kNvwFVyBU3&_nc_oc=Adqsv-G97ZBNRxn7Ez5wiZJ0QiYvzYCRIU-H1_TxVDx8-fertewgyIlyURTt9f2ky5k&_nc_zt=14&_nc_ht=scontent.fblr22-2.fna&_nc_gid=Gv83f7de7uoZn-VzkC_eJw&_nc_ss=7f289&oh=00_Af-37TjuqzYYlHRpxsvWD2voiUJBKTWTaimLU8xBycfHUw&oe=6A3084A4,2026-06-15T22:25:33.000Z,2026-06-11,https://pub-893b4a6a607b4221a894bf861da7914e.r2.dev/1428449025623778.mp4
12,12,Duolingo,141935472517297,Duolingo,,IN,862072036697076,https://www.facebook.com/ads/library/?id=862072036697076,2026-02-05,,false,true,2,0,862072036697076,2026-02-05,,Duolingo is the world's #1 language learning app,Free language learning,Install now,http://play.google.com/store/apps/details?id=com.duolingo,"Facebook,Instagram,Audience Network,Messenger,Threads",Duolingo is the world's #1 language learning app,Free language learning,Install now,http://play.google.com/store/apps/details?id=com.duolingo,Video,"Facebook,Instagram,Audience Network,Messenger,Threads",1,0,9:16,https://video.fblr22-1.fna.fbcdn.net/o1/v/t2/f2/m366/AQPQobnQHPZpN7yxZy5nV5zvSlFdb1cgBSJColvzfXhfbiCAapOlxjAm01jZ4r1Q5BM84EkjVnFUL8uenkGLlznMb2QVwBntHyRLcNk9feraqQ.mp4?_nc_cat=103&_nc_oc=Adof-d0ZBog_NO0dxTKxZC88do4yGzHtAXeFGlsmQualO0MDANPdZZZsmjJztf4XzmY&_nc_sid=b66105&_nc_ht=video.fblr22-1.fna.fbcdn.net&_nc_ohc=R3RVjMJ8CiEQ7kNvwGbKlYz&efg=eyJ2ZW5jb2RlX3RhZyI6Inhwdl9wcm9ncmVzc2l2ZS5WSV9VU0VDQVNFX1BST0RVQ1RfVFlQRS4uQzMuNzIwLmRhc2hfaDI2NC1iYXNpYy1nZW4yXzcyMHAiLCJ4cHZfYXNzZXRfaWQiOjY1NjY1ODU3MDMzMzcwNCwiYXNzZXRfYWdlX2RheXMiOjQxNSwidmlfdXNlY2FzZV9pZCI6MTA3OTksImR1cmF0aW9uX3MiOjMwLCJ1cmxnZW5fc291cmNlIjoid3d3In0%3D&ccb=17-1&vs=344914c6cbc4878&_nc_vs=HBksFQIYRWZiX2VwaGVtZXJhbC9FMTQwODRGRTY1REUyNTZCNTYyMThDOTYxRjk1RDNBQV9tdF8xX3ZpZGVvX2Rhc2hpbml0Lm1wNBUAAsgBEgAVAhg6cGFzc3Rocm91Z2hfZXZlcnN0b3JlL0dDbDRTeDBHQ2lzc1AwWUVBQnZEMW1lcHhTOTBidjRHQUFBRhUCAsgBEgAoABgAGwKIB3VzZV9vaWwBMRJwcm9ncmVzc2l2ZV9yZWNpcGUBMRUAACaQuJbNx86qAhUCKAJDMywXQD4AAAAAAAAYGWRhc2hfaDI2NC1iYXNpYy1nZW4yXzcyMHARAHUAZd6oAQA&_nc_gid=Gv83f7de7uoZn-VzkC_eJw&_nc_ss=7f289&_nc_zt=28&oh=00_Af-LSbF50mEWjBnGM7OVTNw_dgefpYYkO46TConhEL3nVQ&oe=6A307001,https://scontent.fblr22-1.fna.fbcdn.net/v/t39.35426-6/640863779_886112040715506_1715535586484828162_n.jpg?_nc_cat=103&ccb=1-7&_nc_sid=c53f8f&_nc_ohc=gVuzX92ckQAQ7kNvwGt5iAI&_nc_oc=AdrArWpeyKCJk_WHJVYqNUUF3Xtz9MavRebhzDe7yQBE4XfBdA3ZDcBVWtMEFQr76fA&_nc_zt=14&_nc_ht=scontent.fblr22-1.fna&_nc_gid=Gv83f7de7uoZn-VzkC_eJw&_nc_ss=7f289&oh=00_Af-sJW26IvlL-C8T4ytm0DJHxHNGFLzuW5Z6PqiCWfhIoA&oe=6A3094B1,2026-06-15T21:34:57.000Z,2026-06-11,https://pub-893b4a6a607b4221a894bf861da7914e.r2.dev/862072036697076.mp4
13,12,Duolingo,141935472517297,Duolingo,,IN,862072036697076,https://www.facebook.com/ads/library/?id=862072036697076,2026-02-05,,false,true,2,1,4507707246125924,2026-01-29,,Duolingo is the world's #1 language learning app,Free language learning,Install now,http://play.google.com/store/apps/details?id=com.duolingo,"Facebook,Instagram,Audience Network,Messenger,Threads",Duolingo is the world's #1 language learning app,Free language learning,Install now,http://play.google.com/store/apps/details?id=com.duolingo,Video,"Facebook,Instagram,Audience Network,Messenger,Threads",1,0,9:16,https://video.fblr22-1.fna.fbcdn.net/o1/v/t2/f2/m366/AQPQobnQHPZpN7yxZy5nV5zvSlFdb1cgBSJColvzfXhfbiCAapOlxjAm01jZ4r1Q5BM84EkjVnFUL8uenkGLlznMb2QVwBntHyRLcNk9feraqQ.mp4?_nc_cat=103&_nc_oc=Adof-d0ZBog_NO0dxTKxZC88do4yGzHtAXeFGlsmQualO0MDANPdZZZsmjJztf4XzmY&_nc_sid=b66105&_nc_ht=video.fblr22-1.fna.fbcdn.net&_nc_ohc=R3RVjMJ8CiEQ7kNvwGbKlYz&efg=eyJ2ZW5jb2RlX3RhZyI6Inhwdl9wcm9ncmVzc2l2ZS5WSV9VU0VDQVNFX1BST0RVQ1RfVFlQRS4uQzMuNzIwLmRhc2hfaDI2NC1iYXNpYy1nZW4yXzcyMHAiLCJ4cHZfYXNzZXRfaWQiOjY1NjY1ODU3MDMzMzcwNCwiYXNzZXRfYWdlX2RheXMiOjQxNSwidmlfdXNlY2FzZV9pZCI6MTA3OTksImR1cmF0aW9uX3MiOjMwLCJ1cmxnZW5fc291cmNlIjoid3d3In0%3D&ccb=17-1&vs=344914c6cbc4878&_nc_vs=HBksFQIYRWZiX2VwaGVtZXJhbC9FMTQwODRGRTY1REUyNTZCNTYyMThDOTYxRjk1RDNBQV9tdF8xX3ZpZGVvX2Rhc2hpbml0Lm1wNBUAAsgBEgAVAhg6cGFzc3Rocm91Z2hfZXZlcnN0b3JlL0dDbDRTeDBHQ2lzc1AwWUVBQnZEMW1lcHhTOTBidjRHQUFBRhUCAsgBEgAoABgAGwKIB3VzZV9vaWwBMRJwcm9ncmVzc2l2ZV9yZWNpcGUBMRUAACaQuJbNx86qAhUCKAJDMywXQD4AAAAAAAAYGWRhc2hfaDI2NC1iYXNpYy1nZW4yXzcyMHARAHUAZd6oAQA&_nc_gid=Gv83f7de7uoZn-VzkC_eJw&_nc_ss=7f289&_nc_zt=28&oh=00_Af-LSbF50mEWjBnGM7OVTNw_dgefpYYkO46TConhEL3nVQ&oe=6A307001,https://scontent.fblr22-2.fna.fbcdn.net/v/t39.35426-6/614852880_1415043943318261_4346494789930761800_n.jpg?_nc_cat=105&ccb=1-7&_nc_sid=c53f8f&_nc_ohc=FDHYr0SFK0AQ7kNvwFg4Wrw&_nc_oc=Adq9UNHiVKEiIRh6t2DovffoV2nvFJ6p5dwVYbc54FTgHpZw8B_zyIkquECDXYr57VQ&_nc_zt=14&_nc_ht=scontent.fblr22-2.fna&_nc_gid=Gv83f7de7uoZn-VzkC_eJw&_nc_ss=7f289&oh=00_Af9I-0cq66iDOLwZTbEI40tPuwPWBv8qzdRWN_0BU8G5kg&oe=6A3080A2,2026-06-15T21:34:57.000Z,2026-06-11,
14,13,Duolingo,141935472517297,Duolingo,,IN,1802153563815523,https://www.facebook.com/ads/library/?id=1802153563815523,2026-01-29,,false,false,1,0,,2026-01-29,,Learn a language for free with fun lessons designed to keep you motivated!,Free Language Learning,Install now,http://play.google.com/store/apps/details?id=com.duolingo,"Facebook,Instagram,Audience Network,Messenger,Threads",Learn a language for free with fun lessons designed to keep you motivated!,Free Language Learning,Install now,http://play.google.com/store/apps/details?id=com.duolingo,Image,"Facebook,Instagram,Audience Network,Messenger,Threads",1,0,1:1,,https://scontent.fblr22-1.fna.fbcdn.net/v/t39.35426-6/584967986_1313552154123237_72303472527570890_n.jpg?_nc_cat=106&ccb=1-7&_nc_sid=c53f8f&_nc_ohc=gzbNqvMjlI8Q7kNvwGhWn0w&_nc_oc=AdrivY4Pb88Ap9g0XkMcMMw0sh8_GHQdPUjW_aq9jIkIarbIL54nFBgqx50lDJqsJPk&_nc_zt=14&_nc_ht=scontent.fblr22-1.fna&_nc_gid=Gv83f7de7uoZn-VzkC_eJw&_nc_ss=7f289&oh=00_Af9iwmA3kjqQfZ-Gv3Q9g1YBr5eF-dhjObsI4ZLVSy4PCQ&oe=6A3093DD,2026-06-16T00:07:57.000Z,2026-06-11,https://pub-893b4a6a607b4221a894bf861da7914e.r2.dev/1802153563815523.jpg
15,14,Duolingo,141935472517297,Duolingo,,IN,1215010424102742,https://www.facebook.com/ads/library/?id=1215010424102742,2026-01-29,,false,false,1,0,,2026-01-29,,Stop scrolling. Start checkmating. Learn chess for free with Duolingo.,New on Duolingo: Chess,Install now,http://play.google.com/store/apps/details?id=com.duolingo,"Facebook,Instagram,Audience Network,Messenger,Threads",Stop scrolling. Start checkmating. Learn chess for free with Duolingo.,New on Duolingo: Chess,Install now,http://play.google.com/store/apps/details?id=com.duolingo,Video,"Facebook,Instagram,Audience Network,Messenger,Threads",1,0,9:16,https://video.fblr22-2.fna.fbcdn.net/o1/v/t2/f2/m366/AQP_cS1F3A-RPDGzEXTYrT-fVNz6Akt8SH_wqzOBD93XBd5Gf7VobZkd7lPSvIxm26mHv5IKEyPB_MrCS_Gi6W60AE831wAHPnDvR_gIe43R2A.mp4?_nc_cat=110&_nc_oc=Ado2u4bsDU6yqqW1Lu1tNdEdlCxL3jyCJ0D4m7nrD1bxOFKlsVJNifObNUGKnxTNlqo&_nc_sid=b66105&_nc_ht=video.fblr22-2.fna.fbcdn.net&_nc_ohc=kA0OHLE9y4cQ7kNvwGF1brg&efg=eyJ2ZW5jb2RlX3RhZyI6Inhwdl9wcm9ncmVzc2l2ZS5WSV9VU0VDQVNFX1BST0RVQ1RfVFlQRS4uQzMuNzIwLmRhc2hfaDI2NC1iYXNpYy1nZW4yXzcyMHAiLCJ4cHZfYXNzZXRfaWQiOjg0NTA1MTQzMTc1OTc3OCwiYXNzZXRfYWdlX2RheXMiOjE3NSwidmlfdXNlY2FzZV9pZCI6MTA3OTksImR1cmF0aW9uX3MiOjU5LCJ1cmxnZW5fc291cmNlIjoid3d3In0%3D&ccb=17-1&vs=c7546a94b70765f5&_nc_vs=HBksFQIYRWZiX2VwaGVtZXJhbC9DMzQ4NDY2M0IxRDgxNTNDNUJEQUIwQTFBN0UxNzg4OF9tdF8xX3ZpZGVvX2Rhc2hpbml0Lm1wNBUAAsgBEgAVAhhAZmJfcGVybWFuZW50LzEwNDgzMDhFMEIxMDk0MzdCNkE3NUE2QzE5NTkwMTgyX2F1ZGlvX2Rhc2hpbml0Lm1wNBUCAsgBEgAoABgAGwKIB3VzZV9vaWwBMRJwcm9ncmVzc2l2ZV9yZWNpcGUBMRUAACbEvsHmu6SAAxUCKAJDMywXQE3qn752yLQYGWRhc2hfaDI2NC1iYXNpYy1nZW4yXzcyMHARAHUAZd6oAQA&_nc_gid=Gv83f7de7uoZn-VzkC_eJw&_nc_ss=7f289&_nc_zt=28&oh=00_Af8jTY7AU4STm2C3YNQaiPPO4vhfTCLnhjln54Wfi7aKtA&oe=6A306012,https://scontent.fblr22-2.fna.fbcdn.net/v/t39.35426-6/601433936_1749435715735855_5958598281472103043_n.jpg?_nc_cat=107&ccb=1-7&_nc_sid=c53f8f&_nc_ohc=HVxABaq0XRIQ7kNvwF2OgPE&_nc_oc=Adqu82DQGUhxOOER2evUqkiBh2ttQw10DOu8ciVqYm7Co9STC1410inzp81MGltY2vs&_nc_zt=14&_nc_ht=scontent.fblr22-2.fna&_nc_gid=Gv83f7de7uoZn-VzkC_eJw&_nc_ss=7f289&oh=00_Af9zxjksjJqLEfYoGjma8yZ04Kto6vHPtYKxoyGfGSibbQ&oe=6A306876,2026-06-15T20:26:58.000Z,2026-06-11,https://pub-893b4a6a607b4221a894bf861da7914e.r2.dev/1215010424102742.mp4
16,15,Duolingo,141935472517297,Duolingo,,IN,2008049966476696,https://www.facebook.com/ads/library/?id=2008049966476696,2026-01-29,,false,false,1,0,,2026-01-29,,Stop scrolling. Start checkmating. Learn chess for free with Duolingo.,New on Duolingo: Chess,Install now,http://play.google.com/store/apps/details?id=com.duolingo,"Facebook,Instagram,Audience Network,Messenger,Threads",Stop scrolling. Start checkmating. Learn chess for free with Duolingo.,New on Duolingo: Chess,Install now,http://play.google.com/store/apps/details?id=com.duolingo,Video,"Facebook,Instagram,Audience Network,Messenger,Threads",1,0,9:16,https://video.fblr22-2.fna.fbcdn.net/o1/v/t2/f2/m366/AQPbhy79Dj2Fb1s6pc0jeDX8-33sGVzgF9Lyzh7W-yGOo4IL_rVI5WsJdgVbtj118DLCpjFFYjtzasxY75GpIgw2nh05dPEtt6RJDyH9egLNfA.mp4?_nc_cat=111&_nc_oc=Adr6D_nTWiNqAbBtZ_DqW6cQQowepWREiyCKMx4oLANfFgZqHIIHtnoTeSCkO5jgnpM&_nc_sid=b66105&_nc_ht=video.fblr22-2.fna.fbcdn.net&_nc_ohc=_9FS0C4Qp8gQ7kNvwFL7Lt5&efg=eyJ2ZW5jb2RlX3RhZyI6Inhwdl9wcm9ncmVzc2l2ZS5WSV9VU0VDQVNFX1BST0RVQ1RfVFlQRS4uQzMuNzIwLmRhc2hfaDI2NC1iYXNpYy1nZW4yXzcyMHAiLCJ4cHZfYXNzZXRfaWQiOjQzMzgxMzQxNzk3OTExMTQsImFzc2V0X2FnZV9kYXlzIjoxNzUsInZpX3VzZWNhc2VfaWQiOjEwNzk5LCJkdXJhdGlvbl9zIjoyNiwidXJsZ2VuX3NvdXJjZSI6Ind3dyJ9&ccb=17-1&vs=4e487de0db1f8237&_nc_vs=HBksFQIYRWZiX2VwaGVtZXJhbC9ERjQ4M0Y2MTk3MTc1MzZCM0JGNzVERTAxNjIyRUFCMl9tdF8xX3ZpZGVvX2Rhc2hpbml0Lm1wNBUAAsgBEgAVAhhAZmJfcGVybWFuZW50L0RBNDFFRkVFQkQ5RTA1RDBDNTFBNzU5RTYxOTEzOEIyX2F1ZGlvX2Rhc2hpbml0Lm1wNBUCAsgBEgAoABgAGwKIB3VzZV9vaWwBMRJwcm9ncmVzc2l2ZV9yZWNpcGUBMRUAACaUhLKs0uC0DxUCKAJDMywXQDrcKPXCj1wYGWRhc2hfaDI2NC1iYXNpYy1nZW4yXzcyMHARAHUAZd6oAQA&_nc_gid=Gv83f7de7uoZn-VzkC_eJw&_nc_ss=7f289&_nc_zt=28&oh=00_Af90o53jD-pngerRcmVPncJ936b2QIs1XR58TkvzkDeThA&oe=6A3080AD,https://scontent.fblr22-2.fna.fbcdn.net/v/t39.35426-6/600285311_1147997343827150_2048116999185418307_n.jpg?_nc_cat=111&ccb=1-7&_nc_sid=c53f8f&_nc_ohc=1tLTtbubhZQQ7kNvwEgywHy&_nc_oc=AdrFMv-Cv74DcFavw5tR3KJRQQ1TM4G_SW0jh7PG1NLo0Bl4YmFJaegsAIa6MOouChc&_nc_zt=14&_nc_ht=scontent.fblr22-2.fna&_nc_gid=Gv83f7de7uoZn-VzkC_eJw&_nc_ss=7f289&oh=00_Af-gzx-6upqvuZ-2HmwrFwcIaW0ZHURFSe4aIobkjR2POA&oe=6A3093C4,2026-06-15T22:46:05.000Z,2026-06-11,https://pub-893b4a6a607b4221a894bf861da7914e.r2.dev/2008049966476696.mp4
17,16,Duolingo,141935472517297,Duolingo,,IN,26572679392369522,https://www.facebook.com/ads/library/?id=26572679392369522,2026-04-03,,false,false,1,0,,2026-04-03,,تعلم لغة جديدة مجانًا مع دروس ممتعة مصممة لإبقائك متحمسًا!,ممتع. مجاني. فعال.,Install now,http://play.google.com/store/apps/details?id=com.duolingo,"Facebook,Instagram,Audience Network,Messenger,Threads",تعلم لغة جديدة مجانًا مع دروس ممتعة مصممة لإبقائك متحمسًا!,ممتع. مجاني. فعال.,Install now,http://play.google.com/store/apps/details?id=com.duolingo,Video,"Facebook,Instagram,Audience Network,Messenger,Threads",1,0,9:16,https://video.fblr22-1.fna.fbcdn.net/o1/v/t2/f2/m366/AQNABh15cNgO3evxG63AT7hQg9N9-xqSMFlyNEmzCMTnwFwA7ilbIZ8eUhSmq9jR0RswvsqQN8U9fipnYgvJu-uGxrTqHDFyMPjCdHRcgJSLxA.mp4?_nc_cat=106&_nc_oc=AdrKGkLtkuxzts7R-AMmNUdkFjw34f_1166Ad5uObGDioGGvbfo-uuSVIsNSvpN2bOM&_nc_sid=b66105&_nc_ht=video.fblr22-1.fna.fbcdn.net&_nc_ohc=xLGo5HoSv1kQ7kNvwHq6d9s&efg=eyJ2ZW5jb2RlX3RhZyI6Inhwdl9wcm9ncmVzc2l2ZS5WSV9VU0VDQVNFX1BST0RVQ1RfVFlQRS4uQzMuNzE2LmRhc2hfaDI2NC1iYXNpYy1nZW4yXzcyMHAiLCJ4cHZfYXNzZXRfaWQiOjI2MTgzOTI3NTE4ODk4NTQsImFzc2V0X2FnZV9kYXlzIjo2OSwidmlfdXNlY2FzZV9pZCI6MTA3OTksImR1cmF0aW9uX3MiOjYsInVybGdlbl9zb3VyY2UiOiJ3d3cifQ%3D%3D&ccb=17-1&vs=7ac2788bce6a8931&_nc_vs=HBksFQIYRWZiX2VwaGVtZXJhbC85NjRCRDlBNjZEMDhBMjUyMzZDMjc3NDkxOUEwQ0JCMF9tdF8xX3ZpZGVvX2Rhc2hpbml0Lm1wNBUAAsgBEgAVAhhAZmJfcGVybWFuZW50L0VFNEIxODM0QTY3ODBGMTcwRkZGOTNGRTIyQUYxNUFCX2F1ZGlvX2Rhc2hpbml0Lm1wNBUCAsgBEgAoABgAGwKIB3VzZV9vaWwBMRJwcm9ncmVzc2l2ZV9yZWNpcGUBMRUAACb89t6dwtqmCRUCKAJDMywXQBiIMSbpeNUYGWRhc2hfaDI2NC1iYXNpYy1nZW4yXzcyMHARAHUAZd6oAQA&_nc_gid=Gv83f7de7uoZn-VzkC_eJw&_nc_ss=7f289&_nc_zt=28&oh=00_Af8ZBBLOz3qZLIv9PXBNRNj_VgViI88RvYWV3KO1832t7A&oe=6A3081A6,https://scontent.fblr22-1.fna.fbcdn.net/v/t39.35426-6/659148173_2326136581203478_9204447819750211728_n.jpg?_nc_cat=101&ccb=1-7&_nc_sid=c53f8f&_nc_ohc=uy89aORmBLAQ7kNvwG9RWPD&_nc_oc=AdrI_Ku93YbYI2ZhBtBI5rLHFCZ7d_lxkNqXAPXIokjdxsOyinXP4RVEVtqJRszEvyA&_nc_zt=14&_nc_ht=scontent.fblr22-1.fna&_nc_gid=Gv83f7de7uoZn-VzkC_eJw&_nc_ss=7f289&oh=00_Af-lN44gYuVp-S8gqreNPvO5ruJSU0rpl3NDDNVNdJxw1A&oe=6A30774B,2026-06-15T22:50:14.000Z,2026-06-11,https://pub-893b4a6a607b4221a894bf861da7914e.r2.dev/26572679392369522.mp4
18,17,Duolingo,141935472517297,Duolingo,,IN,4047050955534121,https://www.facebook.com/ads/library/?id=4047050955534121,2026-02-05,,false,false,1,0,,2026-02-05,,Duolingo is the world's #1 language learning app,Free language learning,Install now,http://play.google.com/store/apps/details?id=com.duolingo,"Facebook,Instagram,Audience Network,Messenger,Threads",Duolingo is the world's #1 language learning app,Free language learning,Install now,http://play.google.com/store/apps/details?id=com.duolingo,Video,"Facebook,Instagram,Audience Network,Messenger,Threads",1,0,1:1,https://video.fblr22-1.fna.fbcdn.net/o1/v/t2/f2/m366/AQO6ok0DIvM_sxwaSx9zktpPqfWU5MDWgQxeevmzRvJhZlNUUosQYjj2FcYKw8cHkBlP2BhXe1cDyaP2sPn4TCeSkMGIcxFVs_LShzYXGLuh5g.mp4?_nc_cat=102&_nc_oc=Adp0hbyqBnE3fTIIGVglpRjNCt9syaGMXHN72tMcX-wb05B15HFh0ynDb64iK23-Mqk&_nc_sid=b66105&_nc_ht=video.fblr22-1.fna.fbcdn.net&_nc_ohc=izmR5mhoW3gQ7kNvwEVxWWp&efg=eyJ2ZW5jb2RlX3RhZyI6Inhwdl9wcm9ncmVzc2l2ZS5WSV9VU0VDQVNFX1BST0RVQ1RfVFlQRS4uQzMuNzIwLmRhc2hfaDI2NC1iYXNpYy1nZW4yXzcyMHAiLCJ4cHZfYXNzZXRfaWQiOjEwNjIxNjAyMzg2MzExOTcsImFzc2V0X2FnZV9kYXlzIjo2MjEsInZpX3VzZWNhc2VfaWQiOjEwMTM5LCJkdXJhdGlvbl9zIjozMCwidXJsZ2VuX3NvdXJjZSI6Ind3dyJ9&ccb=17-1&vs=c5d66fd030f0a76c&_nc_vs=HBksFQIYRWZiX2VwaGVtZXJhbC83NTRCOEFGN0NFMEQ1MzY1OUY2RDUwQzZERDI0N0I5QV9tdF8xX3ZpZGVvX2Rhc2hpbml0Lm1wNBUAAsgBEgAVAhg1ZmJfcGVybWFuZW50LzEwNDYwNjM3NTAxMTczMDVfODUxNTkwODE5ODQ1OTI1MDk0MS5tcDQVAgLIARIAKAAYABsCiAd1c2Vfb2lsATEScHJvZ3Jlc3NpdmVfcmVjaXBlATEVAAAmuuS-u-6B4wMVAigCQzMsF0A-AAAAAAAAGBlkYXNoX2gyNjQtYmFzaWMtZ2VuMl83MjBwEQB1AGW2ngEA&_nc_gid=Gv83f7de7uoZn-VzkC_eJw&_nc_ss=7f289&_nc_zt=28&oh=00_Af_kJ8TDl_z9lBgglJIOvq6VWfV6_VVClr25fh0wbvnCcQ&oe=6A30803E,https://scontent.fblr22-1.fna.fbcdn.net/v/t39.35426-6/641365222_797585726046560_864046007648031750_n.jpg?_nc_cat=103&ccb=1-7&_nc_sid=c53f8f&_nc_ohc=rTdjicNHGvUQ7kNvwFG9_NI&_nc_oc=Adr2dFhxNthxM8N-M_sl-gnpL7wQmdWBy09xz4mvvt9q6yfvLYSz3l5XMoyQw_g0OPw&_nc_zt=14&_nc_ht=scontent.fblr22-1.fna&_nc_gid=Gv83f7de7uoZn-VzkC_eJw&_nc_ss=7f289&oh=00_Af-aQnaLOxZbBr5AWUfGgrTKeNEGSptRoVXquLaV5vMulA&oe=6A3061A8,2026-06-15T22:44:14.000Z,2026-06-11,https://pub-893b4a6a607b4221a894bf861da7914e.r2.dev/4047050955534121.mp4
19,18,Duolingo,141935472517297,Duolingo,,IN,1757405299002125,https://www.facebook.com/ads/library/?id=1757405299002125,2026-04-16,,false,false,1,0,,2026-04-16,,Learn a language for free with fun lessons designed to keep you motivated!,Free Language Learning,Install now,http://play.google.com/store/apps/details?id=com.duolingo,"Facebook,Instagram,Audience Network,Messenger,Threads",Learn a language for free with fun lessons designed to keep you motivated!,Free Language Learning,Install now,http://play.google.com/store/apps/details?id=com.duolingo,Video,"Facebook,Instagram,Audience Network,Messenger,Threads",1,0,9:16,https://video.fblr22-2.fna.fbcdn.net/o1/v/t2/f2/m366/AQMUD9KtFy5y_k7YGd3T791da_XRCPVHozSC2hXwx8J4ejEOYSASA9VT5zGkjCp2qPAZdV2AvNYOF4thahUNHamdpfkG-lDMNZVBsjTy0lZOgQ.mp4?_nc_cat=110&_nc_oc=AdpFaTdqfRls7sxgUSA2SM1k-arYEbBiansDcHSqj_OocJJf9nPcNcbNnjC6YINaXC4&_nc_sid=b66105&_nc_ht=video.fblr22-2.fna.fbcdn.net&_nc_ohc=_4FO17dIN9sQ7kNvwH2D4MT&efg=eyJ2ZW5jb2RlX3RhZyI6Inhwdl9wcm9ncmVzc2l2ZS5WSV9VU0VDQVNFX1BST0RVQ1RfVFlQRS4uQzMuNzIwLmRhc2hfaDI2NC1iYXNpYy1nZW4yXzcyMHAiLCJ4cHZfYXNzZXRfaWQiOjE0NTk2NzQ3MDU4NTYxNzAsImFzc2V0X2FnZV9kYXlzIjo1NSwidmlfdXNlY2FzZV9pZCI6MTA3OTksImR1cmF0aW9uX3MiOjYsInVybGdlbl9zb3VyY2UiOiJ3d3cifQ%3D%3D&ccb=17-1&vs=c0f6d2a562ed1a42&_nc_vs=HBksFQIYRWZiX2VwaGVtZXJhbC9GNzQxRUJFRTcyMjI4REJDRkJCRkE5OEY5NEMyNUVBQV9tdF8xX3ZpZGVvX2Rhc2hpbml0Lm1wNBUAAsgBEgAVAhhAZmJfcGVybWFuZW50Lzc0NEE3RTg0NzFCRDZDNjE2Q0UwQUNDOEZDODU2REE3X2F1ZGlvX2Rhc2hpbml0Lm1wNBUCAsgBEgAoABgAGwKIB3VzZV9vaWwBMRJwcm9ncmVzc2l2ZV9yZWNpcGUBMRUAACbUmqSFoOSXBRUCKAJDMywXQBgp--dsi0QYGWRhc2hfaDI2NC1iYXNpYy1nZW4yXzcyMHARAHUAZd6oAQA&_nc_gid=Gv83f7de7uoZn-VzkC_eJw&_nc_ss=7f289&_nc_zt=28&oh=00_Af_7W3f4kPx1oYWR-g99LHsqf7D4wyFRv0sZGpb_h_sEIg&oe=6A307FE2,https://scontent.fblr22-1.fna.fbcdn.net/v/t39.35426-6/672684360_1462548065370543_3540444941255887356_n.jpg?_nc_cat=104&ccb=1-7&_nc_sid=c53f8f&_nc_ohc=iZ4Z0CQPkDsQ7kNvwGbn8y1&_nc_oc=Adow_6tfGqWMMJvx7oxTlr5bpPjUOZH0JxP51yRjOMYj68unhRFEhITHqcG6qlpdsKs&_nc_zt=14&_nc_ht=scontent.fblr22-1.fna&_nc_gid=Gv83f7de7uoZn-VzkC_eJw&_nc_ss=7f289&oh=00_Af9v7NVqySBKSxYGIAku09gMIWDFE1WVXqX4wxDrD07YIQ&oe=6A30885A,2026-06-15T22:42:42.000Z,2026-06-11,https://pub-893b4a6a607b4221a894bf861da7914e.r2.dev/1757405299002125.mp4
20,19,Duolingo,141935472517297,Duolingo,,IN,2757075414671209,https://www.facebook.com/ads/library/?id=2757075414671209,2026-04-16,,false,false,1,0,,2026-04-16,,Stop scrolling. Start checkmating. Learn chess for free with Duolingo.,New on Duolingo: Chess,Install now,http://play.google.com/store/apps/details?id=com.duolingo,"Facebook,Instagram,Audience Network,Messenger,Threads",Stop scrolling. Start checkmating. Learn chess for free with Duolingo.,New on Duolingo: Chess,Install now,http://play.google.com/store/apps/details?id=com.duolingo,Video,"Facebook,Instagram,Audience Network,Messenger,Threads",1,0,1:1,https://video.fblr22-1.fna.fbcdn.net/o1/v/t2/f2/m366/AQNyvBlKcCtKRik0hmMr7LOUczK9lsy-o93g-TvgZusL5bAQzSlJQmL6JFkPOtcymdumRmwOLxa4LKSDnM-AOUKew0ik7sZh7hTIjQ_Cq85uzw.mp4?_nc_cat=106&_nc_oc=AdrKnpXeYkLLHQVEnxV0cXL99SVA4ag8mMBO3J6ZSVhIvzLwLEBQ2bWHw_Kn41wfcU4&_nc_sid=b66105&_nc_ht=video.fblr22-1.fna.fbcdn.net&_nc_ohc=kQYmIv5q2CYQ7kNvwFgOuUd&efg=eyJ2ZW5jb2RlX3RhZyI6Inhwdl9wcm9ncmVzc2l2ZS5WSV9VU0VDQVNFX1BST0RVQ1RfVFlQRS4uQzMuNzIwLmRhc2hfaDI2NC1iYXNpYy1nZW4yXzcyMHAiLCJ4cHZfYXNzZXRfaWQiOjQyNTc2MDc0OTExMjc0NTMsImFzc2V0X2FnZV9kYXlzIjo1NCwidmlfdXNlY2FzZV9pZCI6MTA3OTksImR1cmF0aW9uX3MiOjMwLCJ1cmxnZW5fc291cmNlIjoid3d3In0%3D&ccb=17-1&vs=694273a4b2df4d6b&_nc_vs=HBksFQIYRWZiX2VwaGVtZXJhbC9EMjRBM0M5NzQwMDg3NTQyODBDMjNGOTgxRDk0RENBNF9tdF8xX3ZpZGVvX2Rhc2hpbml0Lm1wNBUAAsgBEgAVAhhAZmJfcGVybWFuZW50LzAxNDg1Nzg4OTVGN0NENkI3OEM3OEIyRkQ5MjZBMEFBX2F1ZGlvX2Rhc2hpbml0Lm1wNBUCAsgBEgAoABgAGwKIB3VzZV9vaWwBMRJwcm9ncmVzc2l2ZV9yZWNpcGUBMRUAACa6otDhr5GQDxUCKAJDMywXQD4AAAAAAAAYGWRhc2hfaDI2NC1iYXNpYy1nZW4yXzcyMHARAHUAZd6oAQA&_nc_gid=Gv83f7de7uoZn-VzkC_eJw&_nc_ss=7f289&_nc_zt=28&oh=00_Af8MgMMBN6ji4ldg2ObaGAV85iA2E_pYlgMIiA7w35D4BA&oe=6A3089B6,https://scontent.fblr22-1.fna.fbcdn.net/v/t39.35426-6/674240807_1729212991776776_7052320544605950495_n.jpg?_nc_cat=102&ccb=1-7&_nc_sid=c53f8f&_nc_ohc=WleSMq4KefQQ7kNvwFwrG_M&_nc_oc=AdqMIP_5K_BP774yOrCUTKjnLDLGAQ5pMfrBd-ObhXW3Pi3PYtKU2OBLGfg8wuhG5w0&_nc_zt=14&_nc_ht=scontent.fblr22-1.fna&_nc_gid=Gv83f7de7uoZn-VzkC_eJw&_nc_ss=7f289&oh=00_Af8m9QqZZt3KYeaDb54LMAw_uopkJeHNRvQkbwmXm4P0SQ&oe=6A306A7B,2026-06-15T23:24:38.000Z,2026-06-11,https://pub-893b4a6a607b4221a894bf861da7914e.r2.dev/2757075414671209.mp4
21,20,Duolingo,141935472517297,Duolingo,,IN,1498337882301575,https://www.facebook.com/ads/library/?id=1498337882301575,2026-01-29,,false,false,1,0,,2026-01-29,,Learn a language for free with fun lessons designed to keep you motivated!,Free Language Learning,Install now,http://play.google.com/store/apps/details?id=com.duolingo,"Facebook,Instagram,Audience Network,Messenger,Threads",Learn a language for free with fun lessons designed to keep you motivated!,Free Language Learning,Install now,http://play.google.com/store/apps/details?id=com.duolingo,Video,"Facebook,Instagram,Audience Network,Messenger,Threads",1,0,4:5,https://video.fblr22-2.fna.fbcdn.net/o1/v/t2/f2/m366/AQMbzaQZau3KQWtu3WofUvZRoO7MuvziPbdmRqUDsMx3yz59n6PUuhhzPhyQY-vNtY5UhOuMuW_oNpgRLe4bEIpII2m74jvVkkKMiBPqb9JQPw.mp4?_nc_cat=111&_nc_oc=Ado0aGhAMZ8H3AU8vGknWTluA3ZGPm_9taNPT0RGph2Pjkea3Uh3TQy5NxvsHPFqxw0&_nc_sid=b66105&_nc_ht=video.fblr22-2.fna.fbcdn.net&_nc_ohc=e0dcaOTzRTUQ7kNvwHaxCeF&efg=eyJ2ZW5jb2RlX3RhZyI6Inhwdl9wcm9ncmVzc2l2ZS5WSV9VU0VDQVNFX1BST0RVQ1RfVFlQRS4uQzMuNzIwLmRhc2hfaDI2NC1iYXNpYy1nZW4yXzcyMHAiLCJ4cHZfYXNzZXRfaWQiOjgyNzc2NDk5NjIxOTI1NSwiYXNzZXRfYWdlX2RheXMiOjY1MywidmlfdXNlY2FzZV9pZCI6MTAxMzksImR1cmF0aW9uX3MiOjI4LCJ1cmxnZW5fc291cmNlIjoid3d3In0%3D&ccb=17-1&vs=6e9ed8f6f47f53b&_nc_vs=HBksFQIYRWZiX2VwaGVtZXJhbC85QTREMjMxOTEwNThDODQ4QzQzMzE1RjdGMzkyMTZCMl9tdF8xX3ZpZGVvX2Rhc2hpbml0Lm1wNBUAAsgBEgAVAhhAZmJfZXBoZW1lcmFsLzI4NDY5QjFBMjY4MUFEQTk2Q0M0MUFGRjg3RDgyMEFFX2F1ZGlvX2Rhc2hpbml0Lm1wNBUCAsgBEgAoABgAGwKIB3VzZV9vaWwBMRJwcm9ncmVzc2l2ZV9yZWNpcGUBMRUAACbuhfXoobb4AhUCKAJDMywXQDzdsi0OVgQYGWRhc2hfaDI2NC1iYXNpYy1nZW4yXzcyMHARAHUAZbaeAQA&_nc_gid=Gv83f7de7uoZn-VzkC_eJw&_nc_ss=7f289&_nc_zt=28&oh=00_Af-ShuDQEEdk9tYzsQHjxwgzsBLPl9vxyRa6GzxS5YwtBQ&oe=6A307015,https://scontent.fblr22-1.fna.fbcdn.net/v/t39.35426-6/585612260_1392642345578137_523539115097586442_n.jpg?_nc_cat=108&ccb=1-7&_nc_sid=c53f8f&_nc_ohc=chWF2PQ0weMQ7kNvwEnwLqI&_nc_oc=AdryAMaiop3mpL5k_LWov9H9dFgpKzsUxLJ9H2lsXnow_uM4Fk2splP6w9gUAIbonEA&_nc_zt=14&_nc_ht=scontent.fblr22-1.fna&_nc_gid=Gv83f7de7uoZn-VzkC_eJw&_nc_ss=7f289&oh=00_Af-SRv3PssaFs2_i4c5xN37NpYVaIe0u4qM9wnEgmQjGiQ&oe=6A308E22,2026-06-15T21:35:17.000Z,2026-06-11,https://pub-893b4a6a607b4221a894bf861da7914e.r2.dev/1498337882301575.mp4
22,21,Duolingo,141935472517297,Duolingo,,IN,3128929950636792,https://www.facebook.com/ads/library/?id=3128929950636792,2026-02-26,,false,false,1,0,,2026-02-26,,Stop scrolling. Start checkmating. Learn chess for free with Duolingo.,New on Duolingo: Chess,Install now,http://play.google.com/store/apps/details?id=com.duolingo,"Facebook,Instagram,Audience Network,Messenger,Threads",Stop scrolling. Start checkmating. Learn chess for free with Duolingo.,New on Duolingo: Chess,Install now,http://play.google.com/store/apps/details?id=com.duolingo,Video,"Facebook,Instagram,Audience Network,Messenger,Threads",1,0,1:1,https://video.fblr22-2.fna.fbcdn.net/o1/v/t2/f2/m366/AQPitvepax2Lyg36VoxVA9MVFXUoRxUHcrPBGOEqQ91iEu3vKKkp4fIbpLsb1QrpxnROeUWjWE6GzgU70yRpBwsCjI6ZY-hvPFXs0MwgTD2T4A.mp4?_nc_cat=107&_nc_oc=Adq4a4u9BnmFbYwjWzVKU3VTEjLfMT4Ptm9e2TrPKsb6wHzu-It65tt30IaQnHtXUlQ&_nc_sid=b66105&_nc_ht=video.fblr22-2.fna.fbcdn.net&_nc_ohc=PijbMvszdtQQ7kNvwERF_26&efg=eyJ2ZW5jb2RlX3RhZyI6Inhwdl9wcm9ncmVzc2l2ZS5WSV9VU0VDQVNFX1BST0RVQ1RfVFlQRS4uQzMuNzIwLmRhc2hfaDI2NC1iYXNpYy1nZW4yXzcyMHAiLCJ4cHZfYXNzZXRfaWQiOjEyNjkwMTU0Nzg0ODAzNDYsImFzc2V0X2FnZV9kYXlzIjoxMDQsInZpX3VzZWNhc2VfaWQiOjEwNzk5LCJkdXJhdGlvbl9zIjoxOSwidXJsZ2VuX3NvdXJjZSI6Ind3dyJ9&ccb=17-1&vs=339a387b349d59be&_nc_vs=HBksFQIYRWZiX2VwaGVtZXJhbC82RDRGNTZDMDU0OEY1RUVFNUY2OTUyNjEwRUQ4NUFBOF9tdF8xX3ZpZGVvX2Rhc2hpbml0Lm1wNBUAAsgBEgAVAhhAZmJfcGVybWFuZW50L0VBNDdEOTk2OTFDNTZFNzFCQTg5Mjc1MjY2QjU0RjhCX2F1ZGlvX2Rhc2hpbml0Lm1wNBUCAsgBEgAoABgAGwKIB3VzZV9vaWwBMRJwcm9ncmVzc2l2ZV9yZWNpcGUBMRUAACa0t_mMtorBBBUCKAJDMywXQDPk3S8an74YGWRhc2hfaDI2NC1iYXNpYy1nZW4yXzcyMHARAHUAZd6oAQA&_nc_gid=Gv83f7de7uoZn-VzkC_eJw&_nc_ss=7f289&_nc_zt=28&oh=00_Af84HuLCf-LTGJSvHPgO41NY13oIbfH1Tj1ldHOXHYN5pQ&oe=6A306B79,https://scontent.fblr22-1.fna.fbcdn.net/v/t39.35426-6/643759184_25822946200660404_3806849277469503269_n.jpg?_nc_cat=104&ccb=1-7&_nc_sid=c53f8f&_nc_ohc=DAADMBDMgTEQ7kNvwH9KNvl&_nc_oc=AdpDwrBEO0UppCGUECF3vNKelm82YEhpop8sfLW_Cok_HgBWG4jOzlhOxANciBv8b8k&_nc_zt=14&_nc_ht=scontent.fblr22-1.fna&_nc_gid=Gv83f7de7uoZn-VzkC_eJw&_nc_ss=7f289&oh=00_Af_jPL96jwP5ZH3tREnt-9p8llxPbchUZOnmDb6pK0jClA&oe=6A307320,2026-06-15T21:15:37.000Z,2026-06-11,https://pub-893b4a6a607b4221a894bf861da7914e.r2.dev/3128929950636792.mp4
23,22,Duolingo,141935472517297,Duolingo,,IN,964644499361286,https://www.facebook.com/ads/library/?id=964644499361286,2026-04-01,,false,false,1,0,,2026-04-01,,"More than a game. Learn chess, math, music and more for free with Duolingo.",The world's #1 learning app,Install now,http://play.google.com/store/apps/details?id=com.duolingo,"Facebook,Instagram,Audience Network,Messenger,Threads","More than a game. Learn chess, math, music and more for free with Duolingo.",The world's #1 learning app,Install now,http://play.google.com/store/apps/details?id=com.duolingo,Video,"Facebook,Instagram,Audience Network,Messenger,Threads",1,0,1:1,https://video.fblr22-2.fna.fbcdn.net/o1/v/t2/f2/m366/AQOWelDOiUh_-E9-G7OrJTanX3T8B4RFVyg2RIy8bWeNKG4c7cULF1ssRVSjGWM52EcyPy6t1hnVn3sKtWhlwV_7jRwx3sm-MP1aC3XIPqLa2Q.mp4?_nc_cat=111&_nc_oc=AdpenGoVEfB9ZVQc7G6s8w-rrLSQKvSfO3jkTMRJYLdD8_oWAaJpLuwJFBica_rzrVs&_nc_sid=b66105&_nc_ht=video.fblr22-2.fna.fbcdn.net&_nc_ohc=fRamFLnC_C8Q7kNvwEDnMN6&efg=eyJ2ZW5jb2RlX3RhZyI6Inhwdl9wcm9ncmVzc2l2ZS5WSV9VU0VDQVNFX1BST0RVQ1RfVFlQRS4uQzMuNzIwLmRhc2hfaDI2NC1iYXNpYy1nZW4yXzcyMHAiLCJ4cHZfYXNzZXRfaWQiOjk1MDIyMTUzMDgyNTIxNCwiYXNzZXRfYWdlX2RheXMiOjY5LCJ2aV91c2VjYXNlX2lkIjoxMDc5OSwiZHVyYXRpb25fcyI6MTMsInVybGdlbl9zb3VyY2UiOiJ3d3cifQ%3D%3D&ccb=17-1&vs=4ed99bec8ac02b32&_nc_vs=HBksFQIYRWZiX2VwaGVtZXJhbC80QjRFRkY5NkM3NDI4RjY5RjY2Q0UzQjY4MjIyNTU5Nl9tdF8xX3ZpZGVvX2Rhc2hpbml0Lm1wNBUAAsgBEgAVAhhAZmJfcGVybWFuZW50LzlCNDQwNDMwQkYyRDg1QTFDNUE4MDk1ODRGODRBRDg3X2F1ZGlvX2Rhc2hpbml0Lm1wNBUCAsgBEgAoABgAGwKIB3VzZV9vaWwBMRJwcm9ncmVzc2l2ZV9yZWNpcGUBMRUAACb8h-yMlo6wAxUCKAJDMywXQCqZmZmZmZoYGWRhc2hfaDI2NC1iYXNpYy1nZW4yXzcyMHARAHUAZd6oAQA&_nc_gid=Gv83f7de7uoZn-VzkC_eJw&_nc_ss=7f289&_nc_zt=28&oh=00_Af-jqs9H3_l1-_L5m0DwG0zAL4NHNHI9TecSdDk_ni8j5Q&oe=6A306231,https://scontent.fblr22-2.fna.fbcdn.net/v/t39.35426-6/658342378_26200020293026911_4132606907322403139_n.jpg?_nc_cat=110&ccb=1-7&_nc_sid=c53f8f&_nc_ohc=9yIeD8oPoNgQ7kNvwEFL-eE&_nc_oc=AdoOi10gcCjWXpcoR7OVVMjKxQ-jlEBUFZGORKYClFs1yNlTj4lWHOmLtkBqZNXX-jY&_nc_zt=14&_nc_ht=scontent.fblr22-2.fna&_nc_gid=Gv83f7de7uoZn-VzkC_eJw&_nc_ss=7f289&oh=00_Af9nCmXq3aRuwZiH1UVwzTO-bZwNdK0XqvnO5bB0TKS7vQ&oe=6A307DCB,2026-06-15T20:36:01.000Z,2026-06-11,https://pub-893b4a6a607b4221a894bf861da7914e.r2.dev/964644499361286.mp4
24,23,Duolingo,141935472517297,Duolingo,,IN,1810377262974963,https://www.facebook.com/ads/library/?id=1810377262974963,2026-01-29,,false,false,1,0,,2026-01-29,,"More than a game. Learn chess, math, music and more for free with Duolingo.",The world's #1 learning app,Install now,http://play.google.com/store/apps/details?id=com.duolingo,"Facebook,Instagram,Audience Network,Messenger,Threads","More than a game. Learn chess, math, music and more for free with Duolingo.",The world's #1 learning app,Install now,http://play.google.com/store/apps/details?id=com.duolingo,Video,"Facebook,Instagram,Audience Network,Messenger,Threads",1,0,1:1,https://video.fblr22-2.fna.fbcdn.net/o1/v/t2/f2/m366/AQNqdzgO2PgyAeVrtzRTy69ljG3Lqriq9HRGgMcLIVQDK02DFx6Tz_pg_O73kTmBWsgX-t62RQkZREuO0OOmVzU3abVHeJuCHdjyw5AapmtgTA.mp4?_nc_cat=111&_nc_oc=AdpwHqZpiCrD8s2q1RZyCslNFLxaI9_z43odNpUGnP4EM9oB0O9OI3xjNO7GRuXlczk&_nc_sid=b66105&_nc_ht=video.fblr22-2.fna.fbcdn.net&_nc_ohc=a6IYUKM08l8Q7kNvwEH5ZN1&efg=eyJ2ZW5jb2RlX3RhZyI6Inhwdl9wcm9ncmVzc2l2ZS5WSV9VU0VDQVNFX1BST0RVQ1RfVFlQRS4uQzMuNzIwLmRhc2hfaDI2NC1iYXNpYy1nZW4yXzcyMHAiLCJ4cHZfYXNzZXRfaWQiOjExMTEyMjk4MjA5Nzk1NzQsImFzc2V0X2FnZV9kYXlzIjoyMjYsInZpX3VzZWNhc2VfaWQiOjEwNzk5LCJkdXJhdGlvbl9zIjoyOSwidXJsZ2VuX3NvdXJjZSI6Ind3dyJ9&ccb=17-1&vs=eaea1815359dc78f&_nc_vs=HBksFQIYRWZiX2VwaGVtZXJhbC8zMzQxQjZCMkEwNkVENEU4Q0ZDQUU5NUZFNEM0NzRBNl9tdF8xX3ZpZGVvX2Rhc2hpbml0Lm1wNBUAAsgBEgAVAhhAZmJfcGVybWFuZW50Lzg1NEMxRTQxQkUzRjFCREU0RjlGRTNENTQ4NzhGNzg1X2F1ZGlvX2Rhc2hpbml0Lm1wNBUCAsgBEgAoABgAGwKIB3VzZV9vaWwBMRJwcm9ncmVzc2l2ZV9yZWNpcGUBMRUAACbspfKri6r5AxUCKAJDMywXQD3u2RaHKwIYGWRhc2hfaDI2NC1iYXNpYy1nZW4yXzcyMHARAHUAZd6oAQA&_nc_gid=Gv83f7de7uoZn-VzkC_eJw&_nc_ss=7f289&_nc_zt=28&oh=00_Af_4tbpvZO2l2_2XiJMhOAeCAV9zTKhcgiUq9fgpLGWA4w&oe=6A308D0D,https://scontent.fblr22-1.fna.fbcdn.net/v/t39.35426-6/616381380_1511247963310530_7818744370130883027_n.jpg?_nc_cat=109&ccb=1-7&_nc_sid=c53f8f&_nc_ohc=ov9zGBbX0Q8Q7kNvwFCisVu&_nc_oc=Adrt5_L0gCeBh4e2lzr0X_AKxKPnAPEkh3zR2KzRzEDgES9dr_afF1hOQaKgTFUlPdo&_nc_zt=14&_nc_ht=scontent.fblr22-1.fna&_nc_gid=Gv83f7de7uoZn-VzkC_eJw&_nc_ss=7f289&oh=00_Af-oqNyt-co5V1vfpj_r2MW_Mhyjksdeicm8LOi7lAi2yQ&oe=6A30622D,2026-06-15T23:38:53.000Z,2026-06-11,https://pub-893b4a6a607b4221a894bf861da7914e.r2.dev/1810377262974963.mp4
25,24,Duolingo,141935472517297,Duolingo,,IN,1315729067327013,https://www.facebook.com/ads/library/?id=1315729067327013,2026-03-12,,false,false,1,0,,2026-03-12,,Duolingo is the world's #1 language learning app,Free Language Learning,Install now,http://play.google.com/store/apps/details?id=com.duolingo,"Facebook,Instagram,Audience Network,Messenger,Threads",Duolingo is the world's #1 language learning app,Free Language Learning,Install now,http://play.google.com/store/apps/details?id=com.duolingo,Video,"Facebook,Instagram,Audience Network,Messenger,Threads",1,0,1:1,https://video.fblr22-1.fna.fbcdn.net/o1/v/t2/f2/m366/AQPFTkAtARyBkJNjeMxXhYgqC6e5AghSrDUcF4oY08JJJfLgdsPAYLjW_xquyPUMCjLUbkBTJBrcwfbIMFi5y_ubkoRt3_jdQPs6g6_zNE0qYw.mp4?_nc_cat=109&_nc_oc=AdoeDPVtnBy-aVfC-2dqJAz9MSLbDqA83odKcSVOMuNhLxK7rrGPcxt-t7iea23-W7A&_nc_sid=b66105&_nc_ht=video.fblr22-1.fna.fbcdn.net&_nc_ohc=uBmwMAuJTIcQ7kNvwEuZpXf&efg=eyJ2ZW5jb2RlX3RhZyI6Inhwdl9wcm9ncmVzc2l2ZS5WSV9VU0VDQVNFX1BST0RVQ1RfVFlQRS4uQzMuNzIwLmRhc2hfaDI2NC1iYXNpYy1nZW4yXzcyMHAiLCJ4cHZfYXNzZXRfaWQiOjgzMTM3OTU2OTkxOTE3MiwiYXNzZXRfYWdlX2RheXMiOjEyNCwidmlfdXNlY2FzZV9pZCI6MTA3OTksImR1cmF0aW9uX3MiOjI4LCJ1cmxnZW5fc291cmNlIjoid3d3In0%3D&ccb=17-1&vs=da8f8e6aa6d9252d&_nc_vs=HBksFQIYRWZiX2VwaGVtZXJhbC9GODRCNERBMDA5MjE0MUNDMzdBMzhEOUQ2REFGMDI4RV9tdF8xX3ZpZGVvX2Rhc2hpbml0Lm1wNBUAAsgBEgAVAhhAZmJfcGVybWFuZW50LzQzNEQ5NkUzRUU0NkZERjlBQzQxRTkyRDE1ODAwRjhFX2F1ZGlvX2Rhc2hpbml0Lm1wNBUCAsgBEgAoABgAGwKIB3VzZV9vaWwBMRJwcm9ncmVzc2l2ZV9yZWNpcGUBMRUAACaIk4K_1Ij6AhUCKAJDMywXQDy7peNT988YGWRhc2hfaDI2NC1iYXNpYy1nZW4yXzcyMHARAHUAZd6oAQA&_nc_gid=Gv83f7de7uoZn-VzkC_eJw&_nc_ss=7f289&_nc_zt=28&oh=00_Af95TqUsJ2fk_246Wm5h0KksquoqirF3YG_MjpigVKKtVg&oe=6A3061E3,https://scontent.fblr22-2.fna.fbcdn.net/v/t39.35426-6/650949654_4301971383413798_2345154114629063326_n.jpg?_nc_cat=111&ccb=1-7&_nc_sid=c53f8f&_nc_ohc=1-T2PlzQPa0Q7kNvwE0I5MA&_nc_oc=Adrq3wS7kYcXUT2acua7kKzDbmHgoR46-Uhlw3e3pRAShzor0VfS6McLRkfs0VVS3oI&_nc_zt=14&_nc_ht=scontent.fblr22-2.fna&_nc_gid=Gv83f7de7uoZn-VzkC_eJw&_nc_ss=7f289&oh=00_Af8sS9Sd0TKLqnRfUN0rHrOxSMEK9cj8_nTw2vtH6NExiA&oe=6A30719A,2026-06-15T20:34:43.000Z,2026-06-11,https://pub-893b4a6a607b4221a894bf861da7914e.r2.dev/1315729067327013.mp4
26,25,Duolingo,141935472517297,Duolingo,,IN,1595782761518272,https://www.facebook.com/ads/library/?id=1595782761518272,2026-05-28,,false,false,1,0,,2026-05-28,,"More than a game. Learn chess, math, music and more for free with Duolingo.",The world's #1 learning app,Install now,http://play.google.com/store/apps/details?id=com.duolingo,"Facebook,Instagram,Audience Network,Messenger,Threads","More than a game. Learn chess, math, music and more for free with Duolingo.",The world's #1 learning app,Install now,http://play.google.com/store/apps/details?id=com.duolingo,Video,"Facebook,Instagram,Audience Network,Messenger,Threads",1,0,1:1,https://video.fblr22-2.fna.fbcdn.net/o1/v/t2/f2/m366/AQOcHT0fwr0LJz485cAk_KoTZ4c1AAIgkytnShyqlc_765Jxa3zIYNbEj9O2WDdzA_ejRNUBeWWmY25xDWXn4kd4pYaCkgwCIfG27MUFhyhwPA.mp4?_nc_cat=107&_nc_oc=Adrb2OIurkw3_r1cBUeXbm-tJwYo8yn2c7B89K5cnP-QTMi4bg7sQ-bSpwpjWH8uV04&_nc_sid=b66105&_nc_ht=video.fblr22-2.fna.fbcdn.net&_nc_ohc=B6irblSc81sQ7kNvwG4Yqd_&efg=eyJ2ZW5jb2RlX3RhZyI6Inhwdl9wcm9ncmVzc2l2ZS5WSV9VU0VDQVNFX1BST0RVQ1RfVFlQRS4uQzMuNzIwLmRhc2hfaDI2NC1iYXNpYy1nZW4yXzcyMHAiLCJ4cHZfYXNzZXRfaWQiOjIxNjEzODUyODEyODU5MzgsImFzc2V0X2FnZV9kYXlzIjoxMiwidmlfdXNlY2FzZV9pZCI6MTA3OTksImR1cmF0aW9uX3MiOjI0LCJ1cmxnZW5fc291cmNlIjoid3d3In0%3D&ccb=17-1&vs=f2dfe073733328fd&_nc_vs=HBksFQIYRWZiX2VwaGVtZXJhbC8yOTQxQjZCMEQ5NTgxNDQyRUQ3NDM5Qjc3NDYwNjg5MF9tdF8xX3ZpZGVvX2Rhc2hpbml0Lm1wNBUAAsgBEgAVAhhAZmJfcGVybWFuZW50LzA4NENEREU3NzI2MkRCNEFGQzY1MjQ5RkI5MTM3OEFFX2F1ZGlvX2Rhc2hpbml0Lm1wNBUCAsgBEgAoABgAGwKIB3VzZV9vaWwBMRJwcm9ncmVzc2l2ZV9yZWNpcGUBMRUAACbkvM-el_HWBxUCKAJDMywXQDgGJN0vGqAYGWRhc2hfaDI2NC1iYXNpYy1nZW4yXzcyMHARAHUAZd6oAQA&_nc_gid=Gv83f7de7uoZn-VzkC_eJw&_nc_ss=7f289&_nc_zt=28&oh=00_Af_l2WFbp7zS-Po9xn52AH5uMSR0DxDsR3CAs8VhzylFvg&oe=6A308F75,https://scontent.fblr22-2.fna.fbcdn.net/v/t39.35426-6/709036761_862972866231940_2726560698756437140_n.jpg?_nc_cat=111&ccb=1-7&_nc_sid=c53f8f&_nc_ohc=K3lewRH1na4Q7kNvwEdkyaf&_nc_oc=AdoPj-rAkPYR1x80LYG3BnDnzEsXKQp0nSfV-BXu_PoBBTT0U25n3nth2K5bbAExIiA&_nc_zt=14&_nc_ht=scontent.fblr22-2.fna&_nc_gid=Gv83f7de7uoZn-VzkC_eJw&_nc_ss=7f289&oh=00_Af-imOhKn__NLzy03DNUXbow9oTxxsr31lRbvslwXfF29A&oe=6A308EF3,2026-06-15T23:49:09.000Z,2026-06-11,https://pub-893b4a6a607b4221a894bf861da7914e.r2.dev/1595782761518272.mp4
27,26,Duolingo,141935472517297,Duolingo,,IN,1745502363491077,https://www.facebook.com/ads/library/?id=1745502363491077,2026-04-16,,false,false,1,0,,2026-04-16,,Stop scrolling. Start checkmating. Learn chess for free with Duolingo.,New on Duolingo: Chess,Install now,http://play.google.com/store/apps/details?id=com.duolingo,"Facebook,Instagram,Audience Network,Messenger,Threads",Stop scrolling. Start checkmating. Learn chess for free with Duolingo.,New on Duolingo: Chess,Install now,http://play.google.com/store/apps/details?id=com.duolingo,Image,"Facebook,Instagram,Audience Network,Messenger,Threads",1,0,1:1,,https://scontent.fblr22-2.fna.fbcdn.net/v/t39.35426-6/673209759_857956297314820_1955808444231360656_n.jpg?_nc_cat=111&ccb=1-7&_nc_sid=c53f8f&_nc_ohc=XOv_6Iu9yxYQ7kNvwGpjwtH&_nc_oc=AdqG2GNNPX0bJudsf-0xE-pQ6IAKUjsVtF1XNo8G2qpXY2xzfIgqAg01JZdKG302cb0&_nc_zt=14&_nc_ht=scontent.fblr22-2.fna&_nc_gid=Gv83f7de7uoZn-VzkC_eJw&_nc_ss=7f289&oh=00_Af8WjmY0n6f-1g4lx5qnKi0NuFI-VaX6Ar4GofJ7m4gv7w&oe=6A308683,2026-06-15T23:10:59.000Z,2026-06-11,https://pub-893b4a6a607b4221a894bf861da7914e.r2.dev/1745502363491077.jpg
28,27,Duolingo,141935472517297,Duolingo,,IN,1640530307393556,https://www.facebook.com/ads/library/?id=1640530307393556,2026-01-29,,false,false,1,0,,2026-01-29,,Learn a language for free with fun lessons designed to keep you motivated!,Free Language Learning,Install now,http://play.google.com/store/apps/details?id=com.duolingo,"Facebook,Instagram,Audience Network,Messenger,Threads",Learn a language for free with fun lessons designed to keep you motivated!,Free Language Learning,Install now,http://play.google.com/store/apps/details?id=com.duolingo,Video,"Facebook,Instagram,Audience Network,Messenger,Threads",1,0,1:1,https://video.fblr22-2.fna.fbcdn.net/o1/v/t2/f2/m366/AQM-QdHvp8CSAn3u-Y-etR7i-wqLbaDlbJ_xLqXdYFK6O_9T90D2B8vSm-dN-pP1qoIUBdkYrRh636UAHHcDrLcE6WOEpEtzxfWsuH9Pb4wU3w.mp4?_nc_cat=100&_nc_oc=Adq7nOZPYqSJ84TQ5D2FJTpII2k4Ua7mYX5BHC57GjR19yj69SVwFMCBgIlOxXnjq6s&_nc_sid=b66105&_nc_ht=video.fblr22-2.fna.fbcdn.net&_nc_ohc=ENiCZ-jGu-0Q7kNvwHoZS1w&efg=eyJ2ZW5jb2RlX3RhZyI6Inhwdl9wcm9ncmVzc2l2ZS5WSV9VU0VDQVNFX1BST0RVQ1RfVFlQRS4uQzMuNzIwLmRhc2hfaDI2NC1iYXNpYy1nZW4yXzcyMHAiLCJ4cHZfYXNzZXRfaWQiOjEyOTg3MTQyMjg2OTM1MDAsImFzc2V0X2FnZV9kYXlzIjoxNzQsInZpX3VzZWNhc2VfaWQiOjEwNzk5LCJkdXJhdGlvbl9zIjoyOSwidXJsZ2VuX3NvdXJjZSI6Ind3dyJ9&ccb=17-1&vs=45d2c69b4b422a4b&_nc_vs=HBksFQIYRWZiX2VwaGVtZXJhbC9EODRFMzYwRTk0RkQ0RUQwNzg3MDNDODQzRjJDRUY4Q19tdF8xX3ZpZGVvX2Rhc2hpbml0Lm1wNBUAAsgBEgAVAhhAZmJfcGVybWFuZW50Lzg4NEU2RDIwRTQyOEUwMUYwODBFQTM2RUYwMzI4NkE0X2F1ZGlvX2Rhc2hpbml0Lm1wNBUCAsgBEgAoABgAGwKIB3VzZV9vaWwBMRJwcm9ncmVzc2l2ZV9yZWNpcGUBMRUAACb456CEj8vOBBUCKAJDMywXQD33S8an754YGWRhc2hfaDI2NC1iYXNpYy1nZW4yXzcyMHARAHUAZd6oAQA&_nc_gid=Gv83f7de7uoZn-VzkC_eJw&_nc_ss=7f289&_nc_zt=28&oh=00_Af-8VArQ9S5JvHBgReymCg7nspylKrWxZhdvvryWGI4g2w&oe=6A309140,https://scontent.fblr22-2.fna.fbcdn.net/v/t39.35426-6/601347720_700054139626042_5680816609825504523_n.jpg?_nc_cat=107&ccb=1-7&_nc_sid=c53f8f&_nc_ohc=Z7vgE10D2pMQ7kNvwEhzsA-&_nc_oc=AdpFbHDHrHNinjVDkQyq-blr8lnp0lcxT5rMkRjVUGro_chS-NBhTR2yLkSz8f2mOh4&_nc_zt=14&_nc_ht=scontent.fblr22-2.fna&_nc_gid=Gv83f7de7uoZn-VzkC_eJw&_nc_ss=7f289&oh=00_Af8O95NSL1530kiaAIDbCi4kAFSuCn9dxG2HraJNRUmlow&oe=6A308690,2026-06-15T23:56:48.000Z,2026-06-11,https://pub-893b4a6a607b4221a894bf861da7914e.r2.dev/1640530307393556.mp4
29,28,Duolingo,141935472517297,Duolingo,,IN,1244347244307717,https://www.facebook.com/ads/library/?id=1244347244307717,2026-02-26,,false,false,1,0,,2026-02-26,,Stop scrolling. Start checkmating. Learn chess for free with Duolingo.,New on Duolingo: Chess,Install now,http://play.google.com/store/apps/details?id=com.duolingo,"Facebook,Instagram,Audience Network,Messenger,Threads",Stop scrolling. Start checkmating. Learn chess for free with Duolingo.,New on Duolingo: Chess,Install now,http://play.google.com/store/apps/details?id=com.duolingo,Video,"Facebook,Instagram,Audience Network,Messenger,Threads",1,0,1:1,https://video.fblr22-2.fna.fbcdn.net/o1/v/t2/f2/m366/AQOLTMAOBDOYH9cM56oLmuIPoI4Y5bH8d8qaBtqHelRX9se6SYuwJPz0q9wcrWlLje0Hfc25cR_hBS9iJnTAISf5P_YEo-nDzobA7lcZqnJoCA.mp4?_nc_cat=105&_nc_oc=AdpElMc1XoJaj6A08LOaYAhIrwiyBjJFRj84WsoSVwSOagPvATeS6Wvi-LXVU42gSDM&_nc_sid=b66105&_nc_ht=video.fblr22-2.fna.fbcdn.net&_nc_ohc=d1o06euQHL0Q7kNvwHZVUqg&efg=eyJ2ZW5jb2RlX3RhZyI6Inhwdl9wcm9ncmVzc2l2ZS5WSV9VU0VDQVNFX1BST0RVQ1RfVFlQRS4uQzMuNzIwLmRhc2hfaDI2NC1iYXNpYy1nZW4yXzcyMHAiLCJ4cHZfYXNzZXRfaWQiOjkwMTYyMjk1NjE2NjA4NCwiYXNzZXRfYWdlX2RheXMiOjEwNCwidmlfdXNlY2FzZV9pZCI6MTA3OTksImR1cmF0aW9uX3MiOjE5LCJ1cmxnZW5fc291cmNlIjoid3d3In0%3D&ccb=17-1&vs=fc62b5d42800485&_nc_vs=HBksFQIYRWZiX2VwaGVtZXJhbC80ODRBMEFBMEJGQkI3RDJGQUVBRTUyMTk4Q0NGRDc5Ql9tdF8xX3ZpZGVvX2Rhc2hpbml0Lm1wNBUAAsgBEgAVAhhAZmJfcGVybWFuZW50LzBFNEIwOEIxQTZBRDFFNEVGMDQ4OEFCQjU0REFENDlEX2F1ZGlvX2Rhc2hpbml0Lm1wNBUCAsgBEgAoABgAGwKIB3VzZV9vaWwBMRJwcm9ncmVzc2l2ZV9yZWNpcGUBMRUAACaIr7DAroGaAxUCKAJDMywXQDO6XjU_fO4YGWRhc2hfaDI2NC1iYXNpYy1nZW4yXzcyMHARAHUAZd6oAQA&_nc_gid=Gv83f7de7uoZn-VzkC_eJw&_nc_ss=7f289&_nc_zt=28&oh=00_Af-56lbsdxy2Zu4dkA61htnDo2TUK_gD-wrUp0bSuysYnw&oe=6A307A47,https://scontent.fblr22-1.fna.fbcdn.net/v/t39.35426-6/641414585_1433324241855095_1072344591682007228_n.jpg?_nc_cat=104&ccb=1-7&_nc_sid=c53f8f&_nc_ohc=cfX0Ch5M1PgQ7kNvwHThv3J&_nc_oc=AdpqLoXvb68zvP7XkvAi3n6oiLdZfL0DVPrkJkBxMv5nKT9mYFRPlVPbaMaba9RKrws&_nc_zt=14&_nc_ht=scontent.fblr22-1.fna&_nc_gid=Gv83f7de7uoZn-VzkC_eJw&_nc_ss=7f289&oh=00_Af8TdZYsSuSh4SMv0_T4ATgC0TOcWHzJnUkCyViSwCoCCg&oe=6A307AC9,2026-06-15T22:18:47.000Z,2026-06-11,https://pub-893b4a6a607b4221a894bf861da7914e.r2.dev/1244347244307717.mp4
30,29,Duolingo,141935472517297,Duolingo,,IN,1456372432368050,https://www.facebook.com/ads/library/?id=1456372432368050,2026-04-16,,false,false,1,0,,2026-04-16,,Stop scrolling. Start checkmating. Learn chess for free with Duolingo.,New on Duolingo: Chess,Install now,http://play.google.com/store/apps/details?id=com.duolingo,"Facebook,Instagram,Audience Network,Messenger,Threads",Stop scrolling. Start checkmating. Learn chess for free with Duolingo.,New on Duolingo: Chess,Install now,http://play.google.com/store/apps/details?id=com.duolingo,Image,"Facebook,Instagram,Audience Network,Messenger,Threads",1,0,1200x628,,https://scontent.fblr22-2.fna.fbcdn.net/v/t39.35426-6/672674053_937696262196629_5256807520834841391_n.jpg?_nc_cat=110&ccb=1-7&_nc_sid=c53f8f&_nc_ohc=S0nhJ5TaSh4Q7kNvwEVZR4G&_nc_oc=AdrSbcaeodMNDkyj7oCunyrJEvkg3pR116JlHEc-6-oqcioaI_TsXuf4B-MMxu_wNFk&_nc_zt=14&_nc_ht=scontent.fblr22-2.fna&_nc_gid=Gv83f7de7uoZn-VzkC_eJw&_nc_ss=7f289&oh=00_Af86atPb5iq94Ns_MhukbiuAAYOzSSKD1vm0c_EhkiSnow&oe=6A309519,2026-06-16T00:13:13.000Z,2026-06-11,https://pub-893b4a6a607b4221a894bf861da7914e.r2.dev/1456372432368050.jpg
31,30,Duolingo,141935472517297,Duolingo,,IN,2207673653307134,https://www.facebook.com/ads/library/?id=2207673653307134,2026-04-16,,false,false,1,0,,2026-04-16,,Stop scrolling. Start checkmating. Learn chess for free with Duolingo.,New on Duolingo: Chess,Install now,http://play.google.com/store/apps/details?id=com.duolingo,"Facebook,Instagram,Audience Network,Messenger,Threads",Stop scrolling. Start checkmating. Learn chess for free with Duolingo.,New on Duolingo: Chess,Install now,http://play.google.com/store/apps/details?id=com.duolingo,Video,"Facebook,Instagram,Audience Network,Messenger,Threads",1,0,1:1,https://video.fblr22-1.fna.fbcdn.net/o1/v/t2/f2/m366/AQPtjYmmVIRxneNOOgzaKM_E-TVmz6Nt1lMHbin-v1x3td4ToO7DJmjGo1eEEmt5vun9C2IBf9xaaQX-8WlFdUXz8kwKOPlTNyysUdnMGdHjFw.mp4?_nc_cat=102&_nc_oc=AdoQP5eiQB7YiMKUduhn4F3CH0ryL94Lr8mxnRHURwUNC5fdYr_jaKCg8c6uRlFxBGI&_nc_sid=b66105&_nc_ht=video.fblr22-1.fna.fbcdn.net&_nc_ohc=YyNZgm2aImwQ7kNvwGUgczi&efg=eyJ2ZW5jb2RlX3RhZyI6Inhwdl9wcm9ncmVzc2l2ZS5WSV9VU0VDQVNFX1BST0RVQ1RfVFlQRS4uQzMuNzIwLmRhc2hfaDI2NC1iYXNpYy1nZW4yXzcyMHAiLCJ4cHZfYXNzZXRfaWQiOjI0ODI0MjQ5Nzg5NDA0OTMsImFzc2V0X2FnZV9kYXlzIjo1NCwidmlfdXNlY2FzZV9pZCI6MTA3OTksImR1cmF0aW9uX3MiOjI1LCJ1cmxnZW5fc291cmNlIjoid3d3In0%3D&ccb=17-1&vs=acc5cf870afed041&_nc_vs=HBksFQIYRWZiX2VwaGVtZXJhbC83MzQ2MDJGQ0Q5RjU4Q0E1MjZFMEU3MjhEREMxRDVBOV9tdF8xX3ZpZGVvX2Rhc2hpbml0Lm1wNBUAAsgBEgAVAhhAZmJfcGVybWFuZW50L0FBNEM5RTY3NTRCRTZEQzFGNjI2MURCN0I0RDA3MDgxX2F1ZGlvX2Rhc2hpbml0Lm1wNBUCAsgBEgAoABgAGwKIB3VzZV9vaWwBMRJwcm9ncmVzc2l2ZV9yZWNpcGUBMRUAACaaiemwk_DoCBUCKAJDMywXQDkAAAAAAAAYGWRhc2hfaDI2NC1iYXNpYy1nZW4yXzcyMHARAHUAZd6oAQA&_nc_gid=LDO_Q2OcGkLNMzl_5M77-A&_nc_ss=7f289&_nc_zt=28&oh=00_Af-ge80nOP3YwrqY5d_zcB78fHVjQZmdSdhFZyxKBVc8rA&oe=6A30906E,https://scontent.fblr22-1.fna.fbcdn.net/v/t39.35426-6/671766455_4059517674192737_2098640176451957876_n.jpg?_nc_cat=101&ccb=1-7&_nc_sid=c53f8f&_nc_ohc=jOavi_tmqvwQ7kNvwHh3kQp&_nc_oc=Adqy2pHbAT3iNwFLIVIhR9g8lnNF76tGzU3XXYnuRVjcIRQs9qrlgd-YA0IlS1SpsFc&_nc_zt=14&_nc_ht=scontent.fblr22-1.fna&_nc_gid=LDO_Q2OcGkLNMzl_5M77-A&_nc_ss=7f289&oh=00_Af9FuN9gbGCpQw20U2hI5xlK-cC0K51qUJsg1504ihh6rw&oe=6A3070AB,2026-06-15T23:53:18.000Z,2026-06-11,https://pub-893b4a6a607b4221a894bf861da7914e.r2.dev/2207673653307134.mp4
